Date,NAO,Label
1824-1-1,-0.16,ColdRelate
1824-2-1,0.25,WarmRelate
1824-3-1,-1.44,ColdRelate
1824-4-1,1.46,WarmRelate
1824-5-1,1.34,WarmRelate
1824-6-1,-3.94,ColdRelate
1824-7-1,-2.75,ColdRelate
1824-8-1,-0.08,ColdRelate
1824-9-1,0.19,WarmRelate
1824-10-1,-1.0,ColdRelate
1824-11-1,-0.7,ColdRelate
1824-12-1,-0.01,ColdRelate
1825-1-1,-0.23,ColdRelate
1825-2-1,0.21,WarmRelate
1825-3-1,0.33,WarmRelate
1825-4-1,-0.28,ColdRelate
1825-5-1,0.13,WarmRelate
1825-6-1,0.41,WarmRelate
1825-7-1,-0.92,ColdRelate
1825-8-1,1.43,WarmRelate
1825-9-1,-0.95,ColdRelate
1825-10-1,1.98,WarmRelate
1825-11-1,1.06,WarmRelate
1825-12-1,-1.31,ColdRelate
1826-1-1,-3.05,ColdRelate
1826-2-1,4.87,WarmRelate
1826-3-1,-0.97,ColdRelate
1826-4-1,1.78,WarmRelate
1826-5-1,-1.2,ColdRelate
1826-6-1,0.83,WarmRelate
1826-7-1,1.89,WarmRelate
1826-8-1,2.72,WarmRelate
1826-9-1,-0.76,ColdRelate
1826-10-1,0.18,WarmRelate
1826-11-1,-2.41,ColdRelate
1826-12-1,-0.59,ColdRelate
1827-1-1,-0.45,ColdRelate
1827-2-1,-3.72,ColdRelate
1827-3-1,1.83,WarmRelate
1827-4-1,-0.83,ColdRelate
1827-5-1,1.2,WarmRelate
1827-6-1,-0.07,ColdRelate
1827-7-1,2.02,WarmRelate
1827-8-1,-3.56,ColdRelate
1827-9-1,-0.07,ColdRelate
1827-10-1,-3.02,ColdRelate
1827-11-1,-1.42,ColdRelate
1827-12-1,2.7,WarmRelate
1828-1-1,1.27,WarmRelate
1828-2-1,0.37,WarmRelate
1828-3-1,-0.18,ColdRelate
1828-4-1,0.04,WarmRelate
1828-5-1,-1.59,ColdRelate
1828-6-1,-1.33,ColdRelate
1828-7-1,-4.4,ColdRelate
1828-8-1,-2.54,ColdRelate
1828-9-1,-2.78,ColdRelate
1828-10-1,0.1,WarmRelate
1828-11-1,-2.57,ColdRelate
1828-12-1,3.04,WarmRelate
1829-1-1,-2.48,ColdRelate
1829-2-1,0.32,WarmRelate
1829-3-1,-2.54,ColdRelate
1829-4-1,0.12,WarmRelate
1829-5-1,1.8,WarmRelate
1829-6-1,-0.1,ColdRelate
1829-7-1,0.33,WarmRelate
1829-8-1,0.77,WarmRelate
1829-9-1,0.78,WarmRelate
1829-10-1,0.71,WarmRelate
1829-11-1,-0.33,ColdRelate
1829-12-1,-0.43,ColdRelate
1830-1-1,-2.33,ColdRelate
1830-2-1,1.2,WarmRelate
1830-3-1,3.58,WarmRelate
1830-4-1,3.08,WarmRelate
1830-5-1,-0.05,ColdRelate
1830-6-1,-0.85,ColdRelate
1830-7-1,3.19,WarmRelate
1830-8-1,-0.35,ColdRelate
1830-9-1,2.04,WarmRelate
1830-10-1,2.04,WarmRelate
1830-11-1,2.19,WarmRelate
1830-12-1,-3.13,ColdRelate
1831-1-1,-2.91,ColdRelate
1831-2-1,1.4,WarmRelate
1831-3-1,1.48,WarmRelate
1831-4-1,-3.15,ColdRelate
1831-5-1,-2.47,ColdRelate
1831-6-1,-1.36,ColdRelate
1831-7-1,2.71,WarmRelate
1831-8-1,-3.04,ColdRelate
1831-9-1,-1.53,ColdRelate
1831-10-1,0.85,WarmRelate
1831-11-1,0.26,WarmRelate
1831-12-1,0.36,WarmRelate
1832-1-1,-0.04,ColdRelate
1832-2-1,0.83,WarmRelate
1832-3-1,2.12,WarmRelate
1832-4-1,-1.51,ColdRelate
1832-5-1,-1.96,ColdRelate
1832-6-1,-3.62,ColdRelate
1832-7-1,-2.57,ColdRelate
1832-8-1,0.92,WarmRelate
1832-9-1,1.45,WarmRelate
1832-10-1,2.25,WarmRelate
1832-11-1,0.62,WarmRelate
1832-12-1,3.32,WarmRelate
1833-1-1,-0.36,ColdRelate
1833-2-1,2.52,WarmRelate
1833-3-1,-2.89,ColdRelate
1833-4-1,2.02,WarmRelate
1833-5-1,0.69,WarmRelate
1833-6-1,-1.52,ColdRelate
1833-7-1,0.13,WarmRelate
1833-8-1,-1.74,ColdRelate
1833-9-1,-0.93,ColdRelate
1833-10-1,-1.75,ColdRelate
1833-11-1,1.4,WarmRelate
1833-12-1,4.17,WarmRelate
1834-1-1,3.07,WarmRelate
1834-2-1,2.66,WarmRelate
1834-3-1,1.37,WarmRelate
1834-4-1,-2.38,ColdRelate
1834-5-1,-1.03,ColdRelate
1834-6-1,0.27,WarmRelate
1834-7-1,-0.73,ColdRelate
1834-8-1,-0.86,ColdRelate
1834-9-1,-0.62,ColdRelate
1834-10-1,0.3,WarmRelate
1834-11-1,-2.28,ColdRelate
1834-12-1,0.11,WarmRelate
1835-1-1,0.37,WarmRelate
1835-2-1,3.37,WarmRelate
1835-3-1,1.54,WarmRelate
1835-4-1,-1.02,ColdRelate
1835-5-1,0.58,WarmRelate
1835-6-1,0.1,WarmRelate
1835-7-1,0.57,WarmRelate
1835-8-1,2.35,WarmRelate
1835-9-1,0.29,WarmRelate
1835-10-1,-0.3,ColdRelate
1835-11-1,-1.31,ColdRelate
1835-12-1,-1.46,ColdRelate
1836-1-1,1.47,WarmRelate
1836-2-1,0.06,WarmRelate
1836-3-1,2.28,WarmRelate
1836-4-1,0.87,WarmRelate
1836-5-1,-1.5,ColdRelate
1836-6-1,2.95,WarmRelate
1836-7-1,4.33,WarmRelate
1836-8-1,2.8,WarmRelate
1836-9-1,-1.59,ColdRelate
1836-10-1,-1.17,ColdRelate
1836-11-1,2.04,WarmRelate
1836-12-1,-1.41,ColdRelate
1837-1-1,-1.16,ColdRelate
1837-2-1,4.67,WarmRelate
1837-3-1,-3.08,ColdRelate
1837-4-1,-0.56,ColdRelate
1837-5-1,-1.02,ColdRelate
1837-6-1,-2.98,ColdRelate
1837-7-1,-2.4,ColdRelate
1837-8-1,0.01,WarmRelate
1837-9-1,0.17,WarmRelate
1837-10-1,2.52,WarmRelate
1837-11-1,1.34,WarmRelate
1837-12-1,1.37,WarmRelate
1838-1-1,-2.16,ColdRelate
1838-2-1,-1.81,ColdRelate
1838-3-1,1.23,WarmRelate
1838-4-1,-0.61,ColdRelate
1838-5-1,-2.16,ColdRelate
1838-6-1,1.24,WarmRelate
1838-7-1,0.11,WarmRelate
1838-8-1,1.16,WarmRelate
1838-9-1,1.46,WarmRelate
1838-10-1,0.59,WarmRelate
1838-11-1,-2.65,ColdRelate
1838-12-1,2.55,WarmRelate
1839-1-1,1.24,WarmRelate
1839-2-1,4.2,WarmRelate
1839-3-1,0.79,WarmRelate
1839-4-1,1.4,WarmRelate
1839-5-1,-0.94,ColdRelate
1839-6-1,0.01,WarmRelate
1839-7-1,1.14,WarmRelate
1839-8-1,0.04,WarmRelate
1839-9-1,1.09,WarmRelate
1839-10-1,-1.27,ColdRelate
1839-11-1,-2.89,ColdRelate
1839-12-1,-0.63,ColdRelate
1840-1-1,2.97,WarmRelate
1840-2-1,-0.4,ColdRelate
1840-3-1,-3.05,ColdRelate
1840-4-1,0.87,WarmRelate
1840-5-1,-0.58,ColdRelate
1840-6-1,-0.08,ColdRelate
1840-7-1,1.23,WarmRelate
1840-8-1,0.05,WarmRelate
1840-9-1,0.46,WarmRelate
1840-10-1,-2.5,ColdRelate
1840-11-1,0.46,WarmRelate
1840-12-1,-2.43,ColdRelate
1841-1-1,-0.71,ColdRelate
1841-2-1,-1.37,ColdRelate
1841-3-1,2.41,WarmRelate
1841-4-1,1.97,WarmRelate
1841-5-1,1.65,WarmRelate
1841-6-1,-0.61,ColdRelate
1841-7-1,-0.62,ColdRelate
1841-8-1,2.39,WarmRelate
1841-9-1,-2.76,ColdRelate
1841-10-1,-2.13,ColdRelate
1841-11-1,1.76,WarmRelate
1841-12-1,0.21,WarmRelate
1842-1-1,2.45,WarmRelate
1842-2-1,4.26,WarmRelate
1842-3-1,3.43,WarmRelate
1842-4-1,-0.44,ColdRelate
1842-5-1,-0.85,ColdRelate
1842-6-1,-4.3,ColdRelate
1842-7-1,-4.05,ColdRelate
1842-8-1,1.03,WarmRelate
1842-9-1,-3.8,ColdRelate
1842-10-1,-3.73,ColdRelate
1842-11-1,-2.66,ColdRelate
1842-12-1,0.51,WarmRelate
1843-1-1,2.99,WarmRelate
1843-2-1,-3.51,ColdRelate
1843-3-1,-1.28,ColdRelate
1843-4-1,2.03,WarmRelate
1843-5-1,-0.49,ColdRelate
1843-6-1,-1.92,ColdRelate
1843-7-1,3.26,WarmRelate
1843-8-1,3.99,WarmRelate
1843-9-1,-0.58,ColdRelate
1843-10-1,-1.9,ColdRelate
1843-11-1,0.87,WarmRelate
1843-12-1,3.13,WarmRelate
1844-1-1,0.2,WarmRelate
1844-2-1,0.11,WarmRelate
1844-3-1,1.09,WarmRelate
1844-4-1,3.91,WarmRelate
1844-5-1,-2.77,ColdRelate
1844-6-1,-0.12,ColdRelate
1844-7-1,0.37,WarmRelate
1844-8-1,-1.0,ColdRelate
1844-9-1,-1.53,ColdRelate
1844-10-1,-0.99,ColdRelate
1844-11-1,-0.02,ColdRelate
1844-12-1,-1.9,ColdRelate
1845-1-1,1.17,WarmRelate
1845-2-1,0.06,WarmRelate
1845-3-1,-0.54,ColdRelate
1845-4-1,0.56,WarmRelate
1845-5-1,-0.97,ColdRelate
1845-6-1,2.07,WarmRelate
1845-7-1,-0.16,ColdRelate
1845-8-1,-0.29,ColdRelate
1845-9-1,-0.23,ColdRelate
1845-10-1,1.14,WarmRelate
1845-11-1,0.49,WarmRelate
1845-12-1,0.83,WarmRelate
1846-1-1,2.26,WarmRelate
1846-2-1,0.63,WarmRelate
1846-3-1,1.75,WarmRelate
1846-4-1,-1.42,ColdRelate
1846-5-1,0.19,WarmRelate
1846-6-1,1.45,WarmRelate
1846-7-1,2.84,WarmRelate
1846-8-1,-0.3,ColdRelate
1846-9-1,-1.18,ColdRelate
1846-10-1,0.01,WarmRelate
1846-11-1,-0.59,ColdRelate
1846-12-1,-2.55,ColdRelate
1847-1-1,0.03,WarmRelate
1847-2-1,0.1,WarmRelate
1847-3-1,-1.59,ColdRelate
1847-4-1,1.17,WarmRelate
1847-5-1,1.76,WarmRelate
1847-6-1,-0.26,ColdRelate
1847-7-1,0.75,WarmRelate
1847-8-1,1.13,WarmRelate
1847-9-1,-0.32,ColdRelate
1847-10-1,0.44,WarmRelate
1847-11-1,2.46,WarmRelate
1847-12-1,1.76,WarmRelate
1848-1-1,-0.79,ColdRelate
1848-2-1,1.77,WarmRelate
1848-3-1,0.76,WarmRelate
1848-4-1,-1.02,ColdRelate
1848-5-1,0.69,WarmRelate
1848-6-1,-1.78,ColdRelate
1848-7-1,1.87,WarmRelate
1848-8-1,2.64,WarmRelate
1848-9-1,-2.55,ColdRelate
1848-10-1,-2.44,ColdRelate
1848-11-1,-0.84,ColdRelate
1848-12-1,2.55,WarmRelate
1849-1-1,2.42,WarmRelate
1849-2-1,2.77,WarmRelate
1849-3-1,-0.56,ColdRelate
1849-4-1,-0.99,ColdRelate
1849-5-1,-0.52,ColdRelate
1849-6-1,-3.21,ColdRelate
1849-7-1,1.2,WarmRelate
1849-8-1,0.7,WarmRelate
1849-9-1,-2.23,ColdRelate
1849-10-1,-0.08,ColdRelate
1849-11-1,0.8,WarmRelate
1849-12-1,-1.24,ColdRelate
1850-1-1,-0.16,ColdRelate
1850-2-1,4.13,WarmRelate
1850-3-1,-2.22,ColdRelate
1850-4-1,0.97,WarmRelate
1850-5-1,-1.16,ColdRelate
1850-6-1,0.4,WarmRelate
1850-7-1,0.31,WarmRelate
1850-8-1,0.15,WarmRelate
1850-9-1,-2.08,ColdRelate
1850-10-1,-2.7,ColdRelate
1850-11-1,2.39,WarmRelate
1850-12-1,2.36,WarmRelate
1851-1-1,3.29,WarmRelate
1851-2-1,1.03,WarmRelate
1851-3-1,1.5,WarmRelate
1851-4-1,-1.66,ColdRelate
1851-5-1,-1.53,ColdRelate
1851-6-1,-1.62,ColdRelate
1851-7-1,-5.39,ColdRelate
1851-8-1,4.68,WarmRelate
1851-9-1,1.85,WarmRelate
1851-10-1,0.78,WarmRelate
1851-11-1,-1.77,ColdRelate
1851-12-1,1.74,WarmRelate
1852-1-1,1.46,WarmRelate
1852-2-1,0.41,WarmRelate
1852-3-1,-2.5,ColdRelate
1852-4-1,-1.6,ColdRelate
1852-5-1,0.25,WarmRelate
1852-6-1,0.09,WarmRelate
1852-7-1,-1.13,ColdRelate
1852-8-1,2.94,WarmRelate
1852-9-1,-2.02,ColdRelate
1852-10-1,-1.65,ColdRelate
1852-11-1,-0.93,ColdRelate
1852-12-1,1.03,WarmRelate
1853-1-1,1.31,WarmRelate
1853-2-1,-4.04,ColdRelate
1853-3-1,-0.32,ColdRelate
1853-4-1,0.76,WarmRelate
1853-5-1,-3.17,ColdRelate
1853-6-1,1.09,WarmRelate
1853-7-1,1.76,WarmRelate
1853-8-1,-2.36,ColdRelate
1853-9-1,-0.22,ColdRelate
1853-10-1,-0.47,ColdRelate
1853-11-1,0.51,WarmRelate
1853-12-1,-4.28,ColdRelate
1854-1-1,1.28,WarmRelate
1854-2-1,1.72,WarmRelate
1854-3-1,2.67,WarmRelate
1854-4-1,0.88,WarmRelate
1854-5-1,0.04,WarmRelate
1854-6-1,-0.06,ColdRelate
1854-7-1,-1.92,ColdRelate
1854-8-1,-0.03,ColdRelate
1854-9-1,2.62,WarmRelate
1854-10-1,1.11,WarmRelate
1854-11-1,-1.56,ColdRelate
1854-12-1,2.42,WarmRelate
1855-1-1,-1.84,ColdRelate
1855-2-1,-3.8,ColdRelate
1855-3-1,-0.05,ColdRelate
1855-4-1,0.99,WarmRelate
1855-5-1,-2.28,ColdRelate
1855-6-1,0.78,WarmRelate
1855-7-1,-2.61,ColdRelate
1855-8-1,3.81,WarmRelate
1855-9-1,0.79,WarmRelate
1855-10-1,-1.09,ColdRelate
1855-11-1,-2.42,ColdRelate
1855-12-1,-1.66,ColdRelate
1856-1-1,-1.25,ColdRelate
1856-2-1,-0.1,ColdRelate
1856-3-1,-2.27,ColdRelate
1856-4-1,2.0,WarmRelate
1856-5-1,-0.7,ColdRelate
1856-6-1,2.03,WarmRelate
1856-7-1,-0.16,ColdRelate
1856-8-1,-0.44,ColdRelate
1856-9-1,-0.5,ColdRelate
1856-10-1,1.12,WarmRelate
1856-11-1,-1.69,ColdRelate
1856-12-1,-0.23,ColdRelate
1857-1-1,-0.69,ColdRelate
1857-2-1,2.02,WarmRelate
1857-3-1,1.09,WarmRelate
1857-4-1,0.55,WarmRelate
1857-5-1,-0.17,ColdRelate
1857-6-1,-0.33,ColdRelate
1857-7-1,5.36,WarmRelate
1857-8-1,1.02,WarmRelate
1857-9-1,1.21,WarmRelate
1857-10-1,-0.2,ColdRelate
1857-11-1,-1.68,ColdRelate
1857-12-1,3.51,WarmRelate
1858-1-1,2.26,WarmRelate
1858-2-1,-0.54,ColdRelate
1858-3-1,-1.24,ColdRelate
1858-4-1,1.24,WarmRelate
1858-5-1,0.53,WarmRelate
1858-6-1,-0.24,ColdRelate
1858-7-1,-1.58,ColdRelate
1858-8-1,0.06,WarmRelate
1858-9-1,2.33,WarmRelate
1858-10-1,-1.86,ColdRelate
1858-11-1,-4.41,ColdRelate
1858-12-1,3.01,WarmRelate
1859-1-1,2.74,WarmRelate
1859-2-1,2.37,WarmRelate
1859-3-1,1.5,WarmRelate
1859-4-1,-1.12,ColdRelate
1859-5-1,-0.63,ColdRelate
1859-6-1,-0.06,ColdRelate
1859-7-1,2.24,WarmRelate
1859-8-1,1.82,WarmRelate
1859-9-1,0.11,WarmRelate
1859-10-1,-2.61,ColdRelate
1859-11-1,0.29,WarmRelate
1859-12-1,-1.31,ColdRelate
1860-1-1,1.54,WarmRelate
1860-2-1,0.32,WarmRelate
1860-3-1,1.08,WarmRelate
1860-4-1,-0.37,ColdRelate
1860-5-1,-1.51,ColdRelate
1860-6-1,-2.32,ColdRelate
1860-7-1,-2.27,ColdRelate
1860-8-1,-0.16,ColdRelate
1860-9-1,-0.92,ColdRelate
1860-10-1,2.28,WarmRelate
1860-11-1,-3.44,ColdRelate
1860-12-1,-2.14,ColdRelate
1861-1-1,-0.56,ColdRelate
1861-2-1,0.8,WarmRelate
1861-3-1,2.06,WarmRelate
1861-4-1,-1.86,ColdRelate
1861-5-1,-1.99,ColdRelate
1861-6-1,-1.04,ColdRelate
1861-7-1,0.73,WarmRelate
1861-8-1,2.91,WarmRelate
1861-9-1,-0.85,ColdRelate
1861-10-1,-0.8,ColdRelate
1861-11-1,-1.35,ColdRelate
1861-12-1,-1.5,ColdRelate
1862-1-1,1.15,WarmRelate
1862-2-1,-1.26,ColdRelate
1862-3-1,-2.25,ColdRelate
1862-4-1,0.64,WarmRelate
1862-5-1,0.65,WarmRelate
1862-6-1,-0.22,ColdRelate
1862-7-1,-2.08,ColdRelate
1862-8-1,-1.43,ColdRelate
1862-9-1,-1.5,ColdRelate
1862-10-1,1.75,WarmRelate
1862-11-1,-0.49,ColdRelate
1862-12-1,2.92,WarmRelate
1863-1-1,1.12,WarmRelate
1863-2-1,3.1,WarmRelate
1863-3-1,1.88,WarmRelate
1863-4-1,2.35,WarmRelate
1863-5-1,-1.49,ColdRelate
1863-6-1,-0.59,ColdRelate
1863-7-1,-0.43,ColdRelate
1863-8-1,0.1,WarmRelate
1863-9-1,2.46,WarmRelate
1863-10-1,-0.59,ColdRelate
1863-11-1,1.62,WarmRelate
1863-12-1,2.17,WarmRelate
1864-1-1,2.03,WarmRelate
1864-2-1,-0.27,ColdRelate
1864-3-1,-1.78,ColdRelate
1864-4-1,0.23,WarmRelate
1864-5-1,-1.83,ColdRelate
1864-6-1,1.76,WarmRelate
1864-7-1,0.5,WarmRelate
1864-8-1,-0.21,ColdRelate
1864-9-1,1.12,WarmRelate
1864-10-1,-6.05,
1864-11-1,0.01,WarmRelate
1864-12-1,-0.77,ColdRelate
1865-1-1,0.15,WarmRelate
1865-2-1,-0.42,ColdRelate
1865-3-1,-1.03,ColdRelate
1865-4-1,0.92,WarmRelate
1865-5-1,0.87,WarmRelate
1865-6-1,0.74,WarmRelate
1865-7-1,-0.07,ColdRelate
1865-8-1,-0.22,ColdRelate
1865-9-1,3.24,WarmRelate
1865-10-1,-2.66,ColdRelate
1865-11-1,-0.14,ColdRelate
1865-12-1,2.57,WarmRelate
1866-1-1,2.06,WarmRelate
1866-2-1,0.7,WarmRelate
1866-3-1,-2.1,ColdRelate
1866-4-1,-0.88,ColdRelate
1866-5-1,-1.54,ColdRelate
1866-6-1,-0.18,ColdRelate
1866-7-1,0.29,WarmRelate
1866-8-1,0.77,WarmRelate
1866-9-1,1.52,WarmRelate
1866-10-1,-0.03,ColdRelate
1866-11-1,1.01,WarmRelate
1866-12-1,2.14,WarmRelate
1867-1-1,-2.17,ColdRelate
1867-2-1,3.63,WarmRelate
1867-3-1,-3.03,ColdRelate
1867-4-1,3.08,WarmRelate
1867-5-1,-2.35,ColdRelate
1867-6-1,-1.2,ColdRelate
1867-7-1,-1.77,ColdRelate
1867-8-1,3.1,WarmRelate
1867-9-1,1.13,WarmRelate
1867-10-1,0.73,WarmRelate
1867-11-1,-1.51,ColdRelate
1867-12-1,-0.55,ColdRelate
1868-1-1,1.46,WarmRelate
1868-2-1,3.95,WarmRelate
1868-3-1,2.94,WarmRelate
1868-4-1,2.52,WarmRelate
1868-5-1,1.35,WarmRelate
1868-6-1,2.1,WarmRelate
1868-7-1,1.21,WarmRelate
1868-8-1,3.02,WarmRelate
1868-9-1,-2.65,ColdRelate
1868-10-1,1.87,WarmRelate
1868-11-1,-0.83,ColdRelate
1868-12-1,2.01,WarmRelate
1869-1-1,3.25,WarmRelate
1869-2-1,3.9,WarmRelate
1869-3-1,-1.91,ColdRelate
1869-4-1,2.62,WarmRelate
1869-5-1,-1.98,ColdRelate
1869-6-1,-0.71,ColdRelate
1869-7-1,0.29,WarmRelate
1869-8-1,1.15,WarmRelate
1869-9-1,0.62,WarmRelate
1869-10-1,-0.79,ColdRelate
1869-11-1,0.79,WarmRelate
1869-12-1,-0.69,ColdRelate
1870-1-1,0.32,WarmRelate
1870-2-1,-1.98,ColdRelate
1870-3-1,-2.07,ColdRelate
1870-4-1,2.92,WarmRelate
1870-5-1,1.55,WarmRelate
1870-6-1,0.56,WarmRelate
1870-7-1,-0.36,ColdRelate
1870-8-1,-3.41,ColdRelate
1870-9-1,1.71,WarmRelate
1870-10-1,1.3,WarmRelate
1870-11-1,-2.04,ColdRelate
1870-12-1,-3.52,ColdRelate
1871-1-1,0.67,WarmRelate
1871-2-1,1.71,WarmRelate
1871-3-1,1.15,WarmRelate
1871-4-1,-0.32,ColdRelate
1871-5-1,-2.5,ColdRelate
1871-6-1,-1.37,ColdRelate
1871-7-1,1.75,WarmRelate
1871-8-1,4.19,WarmRelate
1871-9-1,-1.93,ColdRelate
1871-10-1,-0.89,ColdRelate
1871-11-1,-3.72,ColdRelate
1871-12-1,-0.18,ColdRelate
1872-1-1,1.15,WarmRelate
1872-2-1,0.45,WarmRelate
1872-3-1,-1.2,ColdRelate
1872-4-1,-0.73,ColdRelate
1872-5-1,0.02,WarmRelate
1872-6-1,-0.34,ColdRelate
1872-7-1,-3.61,ColdRelate
1872-8-1,-1.43,ColdRelate
1872-9-1,-2.53,ColdRelate
1872-10-1,-0.91,ColdRelate
1872-11-1,0.67,WarmRelate
1872-12-1,-1.09,ColdRelate
1873-1-1,2.3,WarmRelate
1873-2-1,0.18,WarmRelate
1873-3-1,-0.39,ColdRelate
1873-4-1,-2.17,ColdRelate
1873-5-1,-0.93,ColdRelate
1873-6-1,0.78,WarmRelate
1873-7-1,-0.12,ColdRelate
1873-8-1,3.44,WarmRelate
1873-9-1,-0.57,ColdRelate
1873-10-1,-0.81,ColdRelate
1873-11-1,-2.23,ColdRelate
1873-12-1,2.01,WarmRelate
1874-1-1,1.56,WarmRelate
1874-2-1,2.07,WarmRelate
1874-3-1,1.47,WarmRelate
1874-4-1,2.99,WarmRelate
1874-5-1,-1.85,ColdRelate
1874-6-1,-0.76,ColdRelate
1874-7-1,0.18,WarmRelate
1874-8-1,0.82,WarmRelate
1874-9-1,0.74,WarmRelate
1874-10-1,0.86,WarmRelate
1874-11-1,-0.34,ColdRelate
1874-12-1,-2.12,ColdRelate
1875-1-1,2.06,WarmRelate
1875-2-1,-1.47,ColdRelate
1875-3-1,-0.61,ColdRelate
1875-4-1,-0.41,ColdRelate
1875-5-1,0.89,WarmRelate
1875-6-1,1.46,WarmRelate
1875-7-1,-1.44,ColdRelate
1875-8-1,1.71,WarmRelate
1875-9-1,-0.01,ColdRelate
1875-10-1,-0.75,ColdRelate
1875-11-1,-2.8,ColdRelate
1875-12-1,0.08,WarmRelate
1876-1-1,1.1,WarmRelate
1876-2-1,0.75,WarmRelate
1876-3-1,-0.29,ColdRelate
1876-4-1,-0.67,ColdRelate
1876-5-1,-1.45,ColdRelate
1876-6-1,1.71,WarmRelate
1876-7-1,3.48,WarmRelate
1876-8-1,1.02,WarmRelate
1876-9-1,-2.62,ColdRelate
1876-10-1,-2.19,ColdRelate
1876-11-1,-2.35,ColdRelate
1876-12-1,-1.13,ColdRelate
1877-1-1,2.39,WarmRelate
1877-2-1,1.96,WarmRelate
1877-3-1,-0.45,ColdRelate
1877-4-1,-2.3,ColdRelate
1877-5-1,-1.73,ColdRelate
1877-6-1,-0.32,ColdRelate
1877-7-1,1.18,WarmRelate
1877-8-1,-1.83,ColdRelate
1877-9-1,-3.74,ColdRelate
1877-10-1,1.25,WarmRelate
1877-11-1,2.06,WarmRelate
1877-12-1,2.16,WarmRelate
1878-1-1,1.18,WarmRelate
1878-2-1,2.2,WarmRelate
1878-3-1,-0.01,ColdRelate
1878-4-1,0.45,WarmRelate
1878-5-1,0.28,WarmRelate
1878-6-1,-1.54,ColdRelate
1878-7-1,-1.93,ColdRelate
1878-8-1,-2.46,ColdRelate
1878-9-1,-0.95,ColdRelate
1878-10-1,-1.44,ColdRelate
1878-11-1,-3.47,ColdRelate
1878-12-1,-3.31,ColdRelate
1879-1-1,-0.71,ColdRelate
1879-2-1,0.85,WarmRelate
1879-3-1,-0.08,ColdRelate
1879-4-1,0.1,WarmRelate
1879-5-1,0.63,WarmRelate
1879-6-1,-0.5,ColdRelate
1879-7-1,-1.57,ColdRelate
1879-8-1,-0.29,ColdRelate
1879-9-1,1.9,WarmRelate
1879-10-1,-1.88,ColdRelate
1879-11-1,-3.38,ColdRelate
1879-12-1,0.58,WarmRelate
1880-1-1,0.42,WarmRelate
1880-2-1,1.92,WarmRelate
1880-3-1,0.06,WarmRelate
1880-4-1,1.66,WarmRelate
1880-5-1,-1.78,ColdRelate
1880-6-1,0.45,WarmRelate
1880-7-1,-1.9,ColdRelate
1880-8-1,-0.43,ColdRelate
1880-9-1,0.92,WarmRelate
1880-10-1,-3.2,ColdRelate
1880-11-1,1.19,WarmRelate
1880-12-1,0.52,WarmRelate
1881-1-1,-3.6,ColdRelate
1881-2-1,-1.62,ColdRelate
1881-3-1,-0.51,ColdRelate
1881-4-1,-1.42,ColdRelate
1881-5-1,0.82,WarmRelate
1881-6-1,0.01,WarmRelate
1881-7-1,2.1,WarmRelate
1881-8-1,0.42,WarmRelate
1881-9-1,-0.25,ColdRelate
1881-10-1,-2.04,ColdRelate
1881-11-1,4.34,WarmRelate
1881-12-1,2.77,WarmRelate
1882-1-1,3.07,WarmRelate
1882-2-1,3.2,WarmRelate
1882-3-1,3.61,WarmRelate
1882-4-1,-0.42,ColdRelate
1882-5-1,-0.68,ColdRelate
1882-6-1,-0.64,ColdRelate
1882-7-1,1.6,WarmRelate
1882-8-1,2.05,WarmRelate
1882-9-1,0.4,WarmRelate
1882-10-1,0.65,WarmRelate
1882-11-1,2.01,WarmRelate
1882-12-1,-1.69,ColdRelate
1883-1-1,1.67,WarmRelate
1883-2-1,4.25,WarmRelate
1883-3-1,-3.04,ColdRelate
1883-4-1,0.88,WarmRelate
1883-5-1,-0.54,ColdRelate
1883-6-1,-1.75,ColdRelate
1883-7-1,-2.25,ColdRelate
1883-8-1,3.0,WarmRelate
1883-9-1,0.47,WarmRelate
1883-10-1,1.68,WarmRelate
1883-11-1,2.36,WarmRelate
1883-12-1,0.91,WarmRelate
1884-1-1,3.32,WarmRelate
1884-2-1,1.48,WarmRelate
1884-3-1,0.19,WarmRelate
1884-4-1,-2.36,ColdRelate
1884-5-1,-0.17,ColdRelate
1884-6-1,0.5,WarmRelate
1884-7-1,-0.8,ColdRelate
1884-8-1,2.16,WarmRelate
1884-9-1,1.6,WarmRelate
1884-10-1,0.27,WarmRelate
1884-11-1,-1.16,ColdRelate
1884-12-1,1.94,WarmRelate
1885-1-1,-0.8,ColdRelate
1885-2-1,0.09,WarmRelate
1885-3-1,-1.06,ColdRelate
1885-4-1,0.36,WarmRelate
1885-5-1,0.32,WarmRelate
1885-6-1,1.59,WarmRelate
1885-7-1,3.07,WarmRelate
1885-8-1,-1.03,ColdRelate
1885-9-1,1.4,WarmRelate
1885-10-1,-0.84,ColdRelate
1885-11-1,-0.76,ColdRelate
1885-12-1,-0.03,ColdRelate
1886-1-1,-1.41,ColdRelate
1886-2-1,-0.39,ColdRelate
1886-3-1,0.56,WarmRelate
1886-4-1,-1.37,ColdRelate
1886-5-1,-0.67,ColdRelate
1886-6-1,-1.17,ColdRelate
1886-7-1,-1.59,ColdRelate
1886-8-1,2.43,WarmRelate
1886-9-1,-0.34,ColdRelate
1886-10-1,-0.55,ColdRelate
1886-11-1,0.55,WarmRelate
1886-12-1,0.12,WarmRelate
1887-1-1,1.9,WarmRelate
1887-2-1,2.03,WarmRelate
1887-3-1,-0.85,ColdRelate
1887-4-1,-2.11,ColdRelate
1887-5-1,0.44,WarmRelate
1887-6-1,0.06,WarmRelate
1887-7-1,0.58,WarmRelate
1887-8-1,-1.19,ColdRelate
1887-9-1,-2.56,ColdRelate
1887-10-1,-1.14,ColdRelate
1887-11-1,-3.25,ColdRelate
1887-12-1,-1.62,ColdRelate
1888-1-1,0.21,WarmRelate
1888-2-1,-2.25,ColdRelate
1888-3-1,-1.5,ColdRelate
1888-4-1,-2.25,ColdRelate
1888-5-1,0.97,WarmRelate
1888-6-1,-1.7,ColdRelate
1888-7-1,0.0,ColdRelate
1888-8-1,4.0,WarmRelate
1888-9-1,-0.42,ColdRelate
1888-10-1,-0.89,ColdRelate
1888-11-1,2.7,WarmRelate
1888-12-1,1.25,WarmRelate
1889-1-1,0.65,WarmRelate
1889-2-1,-0.2,ColdRelate
1889-3-1,0.11,WarmRelate
1889-4-1,1.05,WarmRelate
1889-5-1,-0.39,ColdRelate
1889-6-1,1.89,WarmRelate
1889-7-1,-1.03,ColdRelate
1889-8-1,3.78,WarmRelate
1889-9-1,-1.98,ColdRelate
1889-10-1,-1.23,ColdRelate
1889-11-1,2.7,WarmRelate
1889-12-1,2.3,WarmRelate
1890-1-1,4.32,WarmRelate
1890-2-1,-1.37,ColdRelate
1890-3-1,0.5,WarmRelate
1890-4-1,-0.08,ColdRelate
1890-5-1,-1.14,ColdRelate
1890-6-1,1.23,WarmRelate
1890-7-1,0.3,WarmRelate
1890-8-1,0.99,WarmRelate
1890-9-1,2.5,WarmRelate
1890-10-1,0.85,WarmRelate
1890-11-1,1.9,WarmRelate
1890-12-1,-2.75,ColdRelate
1891-1-1,0.27,WarmRelate
1891-2-1,2.81,WarmRelate
1891-3-1,-1.17,ColdRelate
1891-4-1,-0.92,ColdRelate
1891-5-1,-1.78,ColdRelate
1891-6-1,-3.74,ColdRelate
1891-7-1,-0.54,ColdRelate
1891-8-1,2.22,WarmRelate
1891-9-1,2.29,WarmRelate
1891-10-1,-0.46,ColdRelate
1891-11-1,-1.53,ColdRelate
1891-12-1,2.86,WarmRelate
1892-1-1,-0.77,ColdRelate
1892-2-1,-2.21,ColdRelate
1892-3-1,-1.53,ColdRelate
1892-4-1,-1.14,ColdRelate
1892-5-1,-0.57,ColdRelate
1892-6-1,-0.47,ColdRelate
1892-7-1,0.18,WarmRelate
1892-8-1,1.16,WarmRelate
1892-9-1,1.61,WarmRelate
1892-10-1,-3.68,ColdRelate
1892-11-1,0.81,WarmRelate
1892-12-1,-1.05,ColdRelate
1893-1-1,-1.61,ColdRelate
1893-2-1,2.54,WarmRelate
1893-3-1,-0.04,ColdRelate
1893-4-1,0.04,WarmRelate
1893-5-1,0.37,WarmRelate
1893-6-1,-0.56,ColdRelate
1893-7-1,-1.5,ColdRelate
1893-8-1,0.48,WarmRelate
1893-9-1,-0.97,ColdRelate
1893-10-1,0.32,WarmRelate
1893-11-1,-2.16,ColdRelate
1893-12-1,1.86,WarmRelate
1894-1-1,1.4,WarmRelate
1894-2-1,3.95,WarmRelate
1894-3-1,1.12,WarmRelate
1894-4-1,1.98,WarmRelate
1894-5-1,-1.38,ColdRelate
1894-6-1,2.78,WarmRelate
1894-7-1,1.18,WarmRelate
1894-8-1,0.91,WarmRelate
1894-9-1,-2.19,ColdRelate
1894-10-1,-2.24,ColdRelate
1894-11-1,1.96,WarmRelate
1894-12-1,0.94,WarmRelate
1895-1-1,-2.61,ColdRelate
1895-2-1,-4.14,ColdRelate
1895-3-1,-0.27,ColdRelate
1895-4-1,0.37,WarmRelate
1895-5-1,0.51,WarmRelate
1895-6-1,-0.2,ColdRelate
1895-7-1,1.21,WarmRelate
1895-8-1,1.72,WarmRelate
1895-9-1,1.15,WarmRelate
1895-10-1,-2.53,ColdRelate
1895-11-1,1.92,WarmRelate
1895-12-1,0.02,WarmRelate
1896-1-1,-0.23,ColdRelate
1896-2-1,2.33,WarmRelate
1896-3-1,1.39,WarmRelate
1896-4-1,2.54,WarmRelate
1896-5-1,-0.89,ColdRelate
1896-6-1,-0.27,ColdRelate
1896-7-1,1.23,WarmRelate
1896-8-1,-1.02,ColdRelate
1896-9-1,0.6,WarmRelate
1896-10-1,-2.77,ColdRelate
1896-11-1,-0.55,ColdRelate
1896-12-1,1.86,WarmRelate
1897-1-1,-2.36,ColdRelate
1897-2-1,3.32,WarmRelate
1897-3-1,2.31,WarmRelate
1897-4-1,4.28,WarmRelate
1897-5-1,-0.52,ColdRelate
1897-6-1,-1.42,ColdRelate
1897-7-1,-0.05,ColdRelate
1897-8-1,2.49,WarmRelate
1897-9-1,1.4,WarmRelate
1897-10-1,-0.6,ColdRelate
1897-11-1,0.02,WarmRelate
1897-12-1,1.35,WarmRelate
1898-1-1,1.97,WarmRelate
1898-2-1,1.9,WarmRelate
1898-3-1,-2.33,ColdRelate
1898-4-1,3.46,WarmRelate
1898-5-1,-0.53,ColdRelate
1898-6-1,-0.84,ColdRelate
1898-7-1,-1.53,ColdRelate
1898-8-1,3.56,WarmRelate
1898-9-1,-0.17,ColdRelate
1898-10-1,-1.15,ColdRelate
1898-11-1,-1.14,ColdRelate
1898-12-1,3.14,WarmRelate
1899-1-1,0.68,WarmRelate
1899-2-1,-0.17,ColdRelate
1899-3-1,-1.5,ColdRelate
1899-4-1,0.58,WarmRelate
1899-5-1,-1.03,ColdRelate
1899-6-1,-0.25,ColdRelate
1899-7-1,2.46,WarmRelate
1899-8-1,-1.13,ColdRelate
1899-9-1,-0.08,ColdRelate
1899-10-1,-0.12,ColdRelate
1899-11-1,1.94,WarmRelate
1899-12-1,-0.87,ColdRelate
1900-1-1,1.38,WarmRelate
1900-2-1,-2.36,ColdRelate
1900-3-1,-3.12,ColdRelate
1900-4-1,2.61,WarmRelate
1900-5-1,-0.57,ColdRelate
1900-6-1,-1.23,ColdRelate
1900-7-1,-0.21,ColdRelate
1900-8-1,-0.06,ColdRelate
1900-9-1,0.98,WarmRelate
1900-10-1,-0.57,ColdRelate
1900-11-1,0.65,WarmRelate
1900-12-1,3.5,WarmRelate
1901-1-1,0.98,WarmRelate
1901-2-1,-2.58,ColdRelate
1901-3-1,-0.91,ColdRelate
1901-4-1,2.53,WarmRelate
1901-5-1,-0.71,ColdRelate
1901-6-1,0.21,WarmRelate
1901-7-1,-1.83,ColdRelate
1901-8-1,1.14,WarmRelate
1901-9-1,-0.09,ColdRelate
1901-10-1,-0.47,ColdRelate
1901-11-1,-1.73,ColdRelate
1901-12-1,-1.38,ColdRelate
1902-1-1,1.41,WarmRelate
1902-2-1,-1.4,ColdRelate
1902-3-1,0.5,WarmRelate
1902-4-1,-1.14,ColdRelate
1902-5-1,0.54,WarmRelate
1902-6-1,-3.25,ColdRelate
1902-7-1,-1.24,ColdRelate
1902-8-1,-0.18,ColdRelate
1902-9-1,-1.51,ColdRelate
1902-10-1,-0.12,ColdRelate
1902-11-1,-0.09,ColdRelate
1902-12-1,1.27,WarmRelate
1903-1-1,1.28,WarmRelate
1903-2-1,4.86,WarmRelate
1903-3-1,4.05,WarmRelate
1903-4-1,-0.79,ColdRelate
1903-5-1,0.14,WarmRelate
1903-6-1,-2.8,ColdRelate
1903-7-1,0.43,WarmRelate
1903-8-1,3.67,WarmRelate
1903-9-1,0.22,WarmRelate
1903-10-1,-0.55,ColdRelate
1903-11-1,1.04,WarmRelate
1903-12-1,-1.09,ColdRelate
1904-1-1,2.24,WarmRelate
1904-2-1,1.21,WarmRelate
1904-3-1,-0.7,ColdRelate
1904-4-1,2.64,WarmRelate
1904-5-1,1.75,WarmRelate
1904-6-1,-0.87,ColdRelate
1904-7-1,-0.04,ColdRelate
1904-8-1,0.61,WarmRelate
1904-9-1,-0.43,ColdRelate
1904-10-1,0.04,WarmRelate
1904-11-1,0.07,WarmRelate
1904-12-1,0.88,WarmRelate
1905-1-1,1.81,WarmRelate
1905-2-1,2.09,WarmRelate
1905-3-1,2.23,WarmRelate
1905-4-1,-1.17,ColdRelate
1905-5-1,-0.72,ColdRelate
1905-6-1,-2.29,ColdRelate
1905-7-1,-0.05,ColdRelate
1905-8-1,0.97,WarmRelate
1905-9-1,-0.19,ColdRelate
1905-10-1,-3.1,ColdRelate
1905-11-1,-0.25,ColdRelate
1905-12-1,1.85,WarmRelate
1906-1-1,2.64,WarmRelate
1906-2-1,1.26,WarmRelate
1906-3-1,-0.25,ColdRelate
1906-4-1,1.67,WarmRelate
1906-5-1,-1.75,ColdRelate
1906-6-1,-1.68,ColdRelate
1906-7-1,1.29,WarmRelate
1906-8-1,0.38,WarmRelate
1906-9-1,-1.33,ColdRelate
1906-10-1,0.4,WarmRelate
1906-11-1,0.7,WarmRelate
1906-12-1,0.03,WarmRelate
1907-1-1,1.58,WarmRelate
1907-2-1,1.22,WarmRelate
1907-3-1,2.41,WarmRelate
1907-4-1,1.08,WarmRelate
1907-5-1,-1.42,ColdRelate
1907-6-1,0.76,WarmRelate
1907-7-1,-0.55,ColdRelate
1907-8-1,2.22,WarmRelate
1907-9-1,0.24,WarmRelate
1907-10-1,-1.59,ColdRelate
1907-11-1,-0.41,ColdRelate
1907-12-1,1.18,WarmRelate
1908-1-1,0.64,WarmRelate
1908-2-1,1.98,WarmRelate
1908-3-1,0.74,WarmRelate
1908-4-1,-1.75,ColdRelate
1908-5-1,1.92,WarmRelate
1908-6-1,0.83,WarmRelate
1908-7-1,0.09,WarmRelate
1908-8-1,0.6,WarmRelate
1908-9-1,0.98,WarmRelate
1908-10-1,0.24,WarmRelate
1908-11-1,-0.21,ColdRelate
1908-12-1,1.47,WarmRelate
1909-1-1,1.82,WarmRelate
1909-2-1,-0.54,ColdRelate
1909-3-1,-2.09,ColdRelate
1909-4-1,0.06,WarmRelate
1909-5-1,-0.92,ColdRelate
1909-6-1,-1.35,ColdRelate
1909-7-1,2.59,WarmRelate
1909-8-1,2.35,WarmRelate
1909-9-1,-1.29,ColdRelate
1909-10-1,0.59,WarmRelate
1909-11-1,-1.97,ColdRelate
1909-12-1,-0.48,ColdRelate
1910-1-1,2.57,WarmRelate
1910-2-1,3.85,WarmRelate
1910-3-1,0.55,WarmRelate
1910-4-1,0.08,WarmRelate
1910-5-1,-1.5,ColdRelate
1910-6-1,-1.07,ColdRelate
1910-7-1,-1.64,ColdRelate
1910-8-1,0.31,WarmRelate
1910-9-1,-1.15,ColdRelate
1910-10-1,-1.56,ColdRelate
1910-11-1,-0.87,ColdRelate
1910-12-1,-0.1,ColdRelate
1911-1-1,0.82,WarmRelate
1911-2-1,2.05,WarmRelate
1911-3-1,-1.4,ColdRelate
1911-4-1,-0.24,ColdRelate
1911-5-1,0.79,WarmRelate
1911-6-1,0.42,WarmRelate
1911-7-1,0.54,WarmRelate
1911-8-1,0.13,WarmRelate
1911-9-1,1.53,WarmRelate
1911-10-1,-1.88,ColdRelate
1911-11-1,-0.05,ColdRelate
1911-12-1,3.02,WarmRelate
1912-1-1,-0.91,ColdRelate
1912-2-1,-0.17,ColdRelate
1912-3-1,2.22,WarmRelate
1912-4-1,-0.1,ColdRelate
1912-5-1,1.7,WarmRelate
1912-6-1,-0.98,ColdRelate
1912-7-1,-1.42,ColdRelate
1912-8-1,0.07,WarmRelate
1912-9-1,-2.51,ColdRelate
1912-10-1,0.42,WarmRelate
1912-11-1,1.21,WarmRelate
1912-12-1,3.0,WarmRelate
1913-1-1,1.83,WarmRelate
1913-2-1,1.19,WarmRelate
1913-3-1,2.73,WarmRelate
1913-4-1,1.99,WarmRelate
1913-5-1,0.38,WarmRelate
1913-6-1,1.03,WarmRelate
1913-7-1,-0.99,ColdRelate
1913-8-1,0.65,WarmRelate
1913-9-1,-2.7,ColdRelate
1913-10-1,-1.48,ColdRelate
1913-11-1,4.62,WarmRelate
1913-12-1,1.23,WarmRelate
1914-1-1,0.58,WarmRelate
1914-2-1,2.45,WarmRelate
1914-3-1,1.72,WarmRelate
1914-4-1,2.08,WarmRelate
1914-5-1,2.19,WarmRelate
1914-6-1,0.57,WarmRelate
1914-7-1,-1.11,ColdRelate
1914-8-1,0.97,WarmRelate
1914-9-1,0.43,WarmRelate
1914-10-1,-1.1,ColdRelate
1914-11-1,-1.41,ColdRelate
1914-12-1,2.23,WarmRelate
1915-1-1,0.08,WarmRelate
1915-2-1,1.82,WarmRelate
1915-3-1,-1.91,ColdRelate
1915-4-1,2.91,WarmRelate
1915-5-1,-2.47,ColdRelate
1915-6-1,-2.3,ColdRelate
1915-7-1,-1.19,ColdRelate
1915-8-1,-1.29,ColdRelate
1915-9-1,-1.94,ColdRelate
1915-10-1,-0.99,ColdRelate
1915-11-1,-2.51,ColdRelate
1915-12-1,-0.65,ColdRelate
1916-1-1,3.82,WarmRelate
1916-2-1,2.03,WarmRelate
1916-3-1,-3.84,ColdRelate
1916-4-1,0.77,WarmRelate
1916-5-1,-0.72,ColdRelate
1916-6-1,-3.03,ColdRelate
1916-7-1,-0.69,ColdRelate
1916-8-1,-0.57,ColdRelate
1916-9-1,-2.59,ColdRelate
1916-10-1,2.2,WarmRelate
1916-11-1,-0.58,ColdRelate
1916-12-1,-1.8,ColdRelate
1917-1-1,-3.08,ColdRelate
1917-2-1,-1.59,ColdRelate
1917-3-1,-0.21,ColdRelate
1917-4-1,-0.92,ColdRelate
1917-5-1,-1.59,ColdRelate
1917-6-1,0.81,WarmRelate
1917-7-1,-0.21,ColdRelate
1917-8-1,-0.39,ColdRelate
1917-9-1,2.47,WarmRelate
1917-10-1,0.94,WarmRelate
1917-11-1,1.98,WarmRelate
1917-12-1,-2.8,ColdRelate
1918-1-1,-0.48,ColdRelate
1918-2-1,3.87,WarmRelate
1918-3-1,0.37,WarmRelate
1918-4-1,-1.91,ColdRelate
1918-5-1,0.23,WarmRelate
1918-6-1,1.31,WarmRelate
1918-7-1,-1.97,ColdRelate
1918-8-1,1.76,WarmRelate
1918-9-1,-0.17,ColdRelate
1918-10-1,0.56,WarmRelate
1918-11-1,0.26,WarmRelate
1918-12-1,2.32,WarmRelate
1919-1-1,-0.01,ColdRelate
1919-2-1,-0.49,ColdRelate
1919-3-1,-0.25,ColdRelate
1919-4-1,1.72,WarmRelate
1919-5-1,1.35,WarmRelate
1919-6-1,1.86,WarmRelate
1919-7-1,-1.33,ColdRelate
1919-8-1,4.03,WarmRelate
1919-9-1,-1.27,ColdRelate
1919-10-1,-2.24,ColdRelate
1919-11-1,-2.07,ColdRelate
1919-12-1,2.86,WarmRelate
1920-1-1,2.84,WarmRelate
1920-2-1,1.39,WarmRelate
1920-3-1,3.08,WarmRelate
1920-4-1,0.09,WarmRelate
1920-5-1,0.76,WarmRelate
1920-6-1,-1.62,ColdRelate
1920-7-1,1.87,WarmRelate
1920-8-1,-1.22,ColdRelate
1920-9-1,0.41,WarmRelate
1920-10-1,-1.15,ColdRelate
1920-11-1,1.48,WarmRelate
1920-12-1,-0.46,ColdRelate
1921-1-1,3.2,WarmRelate
1921-2-1,0.07,WarmRelate
1921-3-1,2.68,WarmRelate
1921-4-1,-0.09,ColdRelate
1921-5-1,-0.64,ColdRelate
1921-6-1,-1.6,ColdRelate
1921-7-1,-0.41,ColdRelate
1921-8-1,-0.65,ColdRelate
1921-9-1,-1.43,ColdRelate
1921-10-1,-0.22,ColdRelate
1921-11-1,-1.22,ColdRelate
1921-12-1,2.18,WarmRelate
1922-1-1,0.64,WarmRelate
1922-2-1,2.97,WarmRelate
1922-3-1,-0.23,ColdRelate
1922-4-1,0.8,WarmRelate
1922-5-1,2.36,WarmRelate
1922-6-1,0.79,WarmRelate
1922-7-1,1.79,WarmRelate
1922-8-1,0.09,WarmRelate
1922-9-1,-0.43,ColdRelate
1922-10-1,-3.95,ColdRelate
1922-11-1,-0.05,ColdRelate
1922-12-1,1.47,WarmRelate
1923-1-1,1.84,WarmRelate
1923-2-1,2.77,WarmRelate
1923-3-1,-0.1,ColdRelate
1923-4-1,-1.19,ColdRelate
1923-5-1,0.35,WarmRelate
1923-6-1,0.53,WarmRelate
1923-7-1,1.59,WarmRelate
1923-8-1,0.73,WarmRelate
1923-9-1,2.64,WarmRelate
1923-10-1,1.34,WarmRelate
1923-11-1,-1.97,ColdRelate
1923-12-1,1.25,WarmRelate
1924-1-1,0.86,WarmRelate
1924-2-1,-1.62,ColdRelate
1924-3-1,-1.88,ColdRelate
1924-4-1,-0.94,ColdRelate
1924-5-1,-0.55,ColdRelate
1924-6-1,-2.09,ColdRelate
1924-7-1,0.65,WarmRelate
1924-8-1,0.55,WarmRelate
1924-9-1,0.71,WarmRelate
1924-10-1,0.5,WarmRelate
1924-11-1,-0.21,ColdRelate
1924-12-1,3.86,WarmRelate
1925-1-1,4.23,WarmRelate
1925-2-1,1.95,WarmRelate
1925-3-1,-2.0,ColdRelate
1925-4-1,2.59,WarmRelate
1925-5-1,1.12,WarmRelate
1925-6-1,-2.2,ColdRelate
1925-7-1,1.37,WarmRelate
1925-8-1,1.43,WarmRelate
1925-9-1,-0.66,ColdRelate
1925-10-1,-0.98,ColdRelate
1925-11-1,-2.6,ColdRelate
1925-12-1,-0.72,ColdRelate
1926-1-1,1.7,WarmRelate
1926-2-1,1.84,WarmRelate
1926-3-1,0.56,WarmRelate
1926-4-1,2.33,WarmRelate
1926-5-1,-1.19,ColdRelate
1926-6-1,-1.79,ColdRelate
1926-7-1,-0.69,ColdRelate
1926-8-1,2.06,WarmRelate
1926-9-1,0.92,WarmRelate
1926-10-1,-4.16,ColdRelate
1926-11-1,0.12,WarmRelate
1926-12-1,-0.51,ColdRelate
1927-1-1,2.15,WarmRelate
1927-2-1,1.09,WarmRelate
1927-3-1,2.58,WarmRelate
1927-4-1,1.39,WarmRelate
1927-5-1,-2.03,ColdRelate
1927-6-1,-1.6,ColdRelate
1927-7-1,-0.16,ColdRelate
1927-8-1,1.6,WarmRelate
1927-9-1,-1.77,ColdRelate
1927-10-1,-2.04,ColdRelate
1927-11-1,-1.25,ColdRelate
1927-12-1,-3.14,ColdRelate
1928-1-1,3.04,WarmRelate
1928-2-1,3.52,WarmRelate
1928-3-1,-0.94,ColdRelate
1928-4-1,1.09,WarmRelate
1928-5-1,-2.9,ColdRelate
1928-6-1,-1.89,ColdRelate
1928-7-1,2.21,WarmRelate
1928-8-1,-1.8,ColdRelate
1928-9-1,-1.93,ColdRelate
1928-10-1,0.15,WarmRelate
1928-11-1,1.68,WarmRelate
1928-12-1,0.44,WarmRelate
1929-1-1,-1.26,ColdRelate
1929-2-1,0.27,WarmRelate
1929-3-1,-0.48,ColdRelate
1929-4-1,-3.8,ColdRelate
1929-5-1,0.67,WarmRelate
1929-6-1,-0.06,ColdRelate
1929-7-1,0.26,WarmRelate
1929-8-1,-0.07,ColdRelate
1929-9-1,0.25,WarmRelate
1929-10-1,0.29,WarmRelate
1929-11-1,2.15,WarmRelate
1929-12-1,3.8,WarmRelate
1930-1-1,1.51,WarmRelate
1930-2-1,-0.6,ColdRelate
1930-3-1,-0.7,ColdRelate
1930-4-1,-2.13,ColdRelate
1930-5-1,1.84,WarmRelate
1930-6-1,-0.37,ColdRelate
1930-7-1,-1.3,ColdRelate
1930-8-1,1.81,WarmRelate
1930-9-1,-2.07,ColdRelate
1930-10-1,0.89,WarmRelate
1930-11-1,1.44,WarmRelate
1930-12-1,1.21,WarmRelate
1931-1-1,-0.09,ColdRelate
1931-2-1,1.29,WarmRelate
1931-3-1,-2.18,ColdRelate
1931-4-1,-0.08,ColdRelate
1931-5-1,-0.62,ColdRelate
1931-6-1,-0.96,ColdRelate
1931-7-1,-0.13,ColdRelate
1931-8-1,-1.8,ColdRelate
1931-9-1,-2.73,ColdRelate
1931-10-1,-0.11,ColdRelate
1931-11-1,2.78,WarmRelate
1931-12-1,0.77,WarmRelate
1932-1-1,3.47,WarmRelate
1932-2-1,-3.31,ColdRelate
1932-3-1,-1.57,ColdRelate
1932-4-1,0.13,WarmRelate
1932-5-1,-0.68,ColdRelate
1932-6-1,-1.46,ColdRelate
1932-7-1,-0.8,ColdRelate
1932-8-1,2.18,WarmRelate
1932-9-1,-0.94,ColdRelate
1932-10-1,0.05,WarmRelate
1932-11-1,0.98,WarmRelate
1932-12-1,1.22,WarmRelate
1933-1-1,1.41,WarmRelate
1933-2-1,-1.81,ColdRelate
1933-3-1,1.26,WarmRelate
1933-4-1,-0.23,ColdRelate
1933-5-1,-0.55,ColdRelate
1933-6-1,-1.62,ColdRelate
1933-7-1,2.62,WarmRelate
1933-8-1,2.65,WarmRelate
1933-9-1,-2.03,ColdRelate
1933-10-1,-1.99,ColdRelate
1933-11-1,-2.97,ColdRelate
1933-12-1,-1.84,ColdRelate
1934-1-1,3.27,WarmRelate
1934-2-1,0.49,WarmRelate
1934-3-1,0.3,WarmRelate
1934-4-1,-1.67,ColdRelate
1934-5-1,1.41,WarmRelate
1934-6-1,-2.49,ColdRelate
1934-7-1,-1.17,ColdRelate
1934-8-1,1.51,WarmRelate
1934-9-1,2.5,WarmRelate
1934-10-1,0.76,WarmRelate
1934-11-1,-1.22,ColdRelate
1934-12-1,1.32,WarmRelate
1935-1-1,-0.5,ColdRelate
1935-2-1,2.7,WarmRelate
1935-3-1,0.39,WarmRelate
1935-4-1,-0.41,ColdRelate
1935-5-1,-3.21,ColdRelate
1935-6-1,1.34,WarmRelate
1935-7-1,2.03,WarmRelate
1935-8-1,-0.55,ColdRelate
1935-9-1,0.55,WarmRelate
1935-10-1,0.88,WarmRelate
1935-11-1,1.13,WarmRelate
1935-12-1,-1.37,ColdRelate
1936-1-1,-1.22,ColdRelate
1936-2-1,-2.44,ColdRelate
1936-3-1,-1.09,ColdRelate
1936-4-1,-1.54,ColdRelate
1936-5-1,-2.34,ColdRelate
1936-6-1,0.76,WarmRelate
1936-7-1,1.34,WarmRelate
1936-8-1,2.67,WarmRelate
1936-9-1,-0.81,ColdRelate
1936-10-1,0.87,WarmRelate
1936-11-1,-0.17,ColdRelate
1936-12-1,2.37,WarmRelate
1937-1-1,2.15,WarmRelate
1937-2-1,1.73,WarmRelate
1937-3-1,-2.02,ColdRelate
1937-4-1,2.19,WarmRelate
1937-5-1,2.31,WarmRelate
1937-6-1,0.49,WarmRelate
1937-7-1,0.19,WarmRelate
1937-8-1,0.28,WarmRelate
1937-9-1,-0.17,ColdRelate
1937-10-1,-2.41,ColdRelate
1937-11-1,-1.56,ColdRelate
1937-12-1,-1.09,ColdRelate
1938-1-1,2.64,WarmRelate
1938-2-1,0.6,WarmRelate
1938-3-1,3.13,WarmRelate
1938-4-1,-1.68,ColdRelate
1938-5-1,-0.35,ColdRelate
1938-6-1,0.97,WarmRelate
1938-7-1,1.6,WarmRelate
1938-8-1,-0.37,ColdRelate
1938-9-1,-0.29,ColdRelate
1938-10-1,1.88,WarmRelate
1938-11-1,3.24,WarmRelate
1938-12-1,-0.39,ColdRelate
1939-1-1,-0.69,ColdRelate
1939-2-1,2.91,WarmRelate
1939-3-1,-0.03,ColdRelate
1939-4-1,0.18,WarmRelate
1939-5-1,-0.9,ColdRelate
1939-6-1,-1.4,ColdRelate
1939-7-1,-0.44,ColdRelate
1939-8-1,0.8,WarmRelate
1939-9-1,-3.9,ColdRelate
1939-10-1,-2.51,ColdRelate
1939-11-1,1.53,WarmRelate
1939-12-1,-1.07,ColdRelate
1940-1-1,-2.27,ColdRelate
1940-2-1,-0.93,ColdRelate
1940-3-1,-0.72,ColdRelate
1940-4-1,0.53,WarmRelate
1940-5-1,-0.25,ColdRelate
1940-6-1,-1.2,ColdRelate
1940-7-1,-1.21,ColdRelate
1940-8-1,0.3,WarmRelate
1940-9-1,-1.1,ColdRelate
1940-10-1,-1.89,ColdRelate
1940-11-1,1.3,WarmRelate
1940-12-1,1.46,WarmRelate
1941-1-1,-3.5,ColdRelate
1941-2-1,-0.42,ColdRelate
1941-3-1,-1.29,ColdRelate
1941-4-1,-2.95,ColdRelate
1941-5-1,-0.54,ColdRelate
1941-6-1,0.24,WarmRelate
1941-7-1,1.08,WarmRelate
1941-8-1,-0.6,ColdRelate
1941-9-1,-0.97,ColdRelate
1941-10-1,-1.21,ColdRelate
1941-11-1,-0.09,ColdRelate
1941-12-1,1.44,WarmRelate
1942-1-1,0.75,WarmRelate
1942-2-1,-3.1,ColdRelate
1942-3-1,-0.92,ColdRelate
1942-4-1,-0.95,ColdRelate
1942-5-1,0.82,WarmRelate
1942-6-1,-2.1,ColdRelate
1942-7-1,0.15,WarmRelate
1942-8-1,0.08,WarmRelate
1942-9-1,-0.25,ColdRelate
1942-10-1,-0.21,ColdRelate
1942-11-1,-2.11,ColdRelate
1942-12-1,1.47,WarmRelate
1943-1-1,1.17,WarmRelate
1943-2-1,2.78,WarmRelate
1943-3-1,0.03,WarmRelate
1943-4-1,4.26,WarmRelate
1943-5-1,2.17,WarmRelate
1943-6-1,1.91,WarmRelate
1943-7-1,0.05,WarmRelate
1943-8-1,-0.18,ColdRelate
1943-9-1,-0.65,ColdRelate
1943-10-1,0.45,WarmRelate
1943-11-1,0.08,WarmRelate
1943-12-1,-0.39,ColdRelate
1944-1-1,3.63,WarmRelate
1944-2-1,-1.59,ColdRelate
1944-3-1,-0.82,ColdRelate
1944-4-1,1.3,WarmRelate
1944-5-1,0.42,WarmRelate
1944-6-1,-2.78,ColdRelate
1944-7-1,-2.16,ColdRelate
1944-8-1,0.15,WarmRelate
1944-9-1,0.36,WarmRelate
1944-10-1,-0.83,ColdRelate
1944-11-1,0.81,WarmRelate
1944-12-1,0.26,WarmRelate
1945-1-1,-2.12,ColdRelate
1945-2-1,4.67,WarmRelate
1945-3-1,2.51,WarmRelate
1945-4-1,1.15,WarmRelate
1945-5-1,-0.84,ColdRelate
1945-6-1,0.37,WarmRelate
1945-7-1,-0.4,ColdRelate
1945-8-1,-1.83,ColdRelate
1945-9-1,1.4,WarmRelate
1945-10-1,-0.22,ColdRelate
1945-11-1,-1.82,ColdRelate
1945-12-1,-0.25,ColdRelate
1946-1-1,1.41,WarmRelate
1946-2-1,0.99,WarmRelate
1946-3-1,-0.39,ColdRelate
1946-4-1,0.65,WarmRelate
1946-5-1,-2.7,ColdRelate
1946-6-1,2.56,WarmRelate
1946-7-1,2.66,WarmRelate
1946-8-1,0.62,WarmRelate
1946-9-1,1.98,WarmRelate
1946-10-1,-2.04,ColdRelate
1946-11-1,-1.26,ColdRelate
1946-12-1,1.22,WarmRelate
1947-1-1,0.39,WarmRelate
1947-2-1,-4.6,ColdRelate
1947-3-1,-1.28,ColdRelate
1947-4-1,6.66,WarmRelate
1947-5-1,-1.2,ColdRelate
1947-6-1,0.2,WarmRelate
1947-7-1,0.19,WarmRelate
1947-8-1,-1.08,ColdRelate
1947-9-1,1.18,WarmRelate
1947-10-1,-0.51,ColdRelate
1947-11-1,-0.25,ColdRelate
1947-12-1,-0.72,ColdRelate
1948-1-1,1.53,WarmRelate
1948-2-1,0.66,WarmRelate
1948-3-1,3.48,WarmRelate
1948-4-1,-0.48,ColdRelate
1948-5-1,-1.23,ColdRelate
1948-6-1,-0.27,ColdRelate
1948-7-1,0.59,WarmRelate
1948-8-1,0.34,WarmRelate
1948-9-1,0.82,WarmRelate
1948-10-1,0.43,WarmRelate
1948-11-1,2.64,WarmRelate
1948-12-1,1.09,WarmRelate
1949-1-1,1.5,WarmRelate
1949-2-1,4.01,WarmRelate
1949-3-1,-0.96,ColdRelate
1949-4-1,3.41,WarmRelate
1949-5-1,-1.39,ColdRelate
1949-6-1,-1.51,ColdRelate
1949-7-1,-0.93,ColdRelate
1949-8-1,1.38,WarmRelate
1949-9-1,-1.81,ColdRelate
1949-10-1,1.38,WarmRelate
1949-11-1,0.54,WarmRelate
1949-12-1,0.11,WarmRelate
1950-1-1,0.55,WarmRelate
1950-2-1,3.31,WarmRelate
1950-3-1,0.82,WarmRelate
1950-4-1,1.61,WarmRelate
1950-5-1,-1.73,ColdRelate
1950-6-1,1.26,WarmRelate
1950-7-1,-0.87,ColdRelate
1950-8-1,-0.28,ColdRelate
1950-9-1,1.51,WarmRelate
1950-10-1,0.78,WarmRelate
1950-11-1,0.78,WarmRelate
1950-12-1,-1.88,ColdRelate
1951-1-1,0.82,WarmRelate
1951-2-1,0.93,WarmRelate
1951-3-1,-2.01,ColdRelate
1951-4-1,-0.45,ColdRelate
1951-5-1,-2.11,ColdRelate
1951-6-1,-1.16,ColdRelate
1951-7-1,1.1,WarmRelate
1951-8-1,0.85,WarmRelate
1951-9-1,-0.22,ColdRelate
1951-10-1,-0.13,ColdRelate
1951-11-1,-0.97,ColdRelate
1951-12-1,2.54,WarmRelate
1952-1-1,0.92,WarmRelate
1952-2-1,0.15,WarmRelate
1952-3-1,-1.14,ColdRelate
1952-4-1,2.79,WarmRelate
1952-5-1,-0.94,ColdRelate
1952-6-1,0.02,WarmRelate
1952-7-1,-0.79,ColdRelate
1952-8-1,-1.05,ColdRelate
1952-9-1,-3.02,ColdRelate
1952-10-1,0.42,WarmRelate
1952-11-1,-1.51,ColdRelate
1952-12-1,-0.31,ColdRelate
1953-1-1,-0.02,ColdRelate
1953-2-1,0.54,WarmRelate
1953-3-1,1.25,WarmRelate
1953-4-1,-1.6,ColdRelate
1953-5-1,-0.75,ColdRelate
1953-6-1,-2.96,ColdRelate
1953-7-1,0.13,WarmRelate
1953-8-1,3.26,WarmRelate
1953-9-1,0.75,WarmRelate
1953-10-1,0.77,WarmRelate
1953-11-1,3.25,WarmRelate
1953-12-1,0.15,WarmRelate
1954-1-1,0.1,WarmRelate
1954-2-1,0.57,WarmRelate
1954-3-1,-0.29,ColdRelate
1954-4-1,-0.26,ColdRelate
1954-5-1,-0.91,ColdRelate
1954-6-1,-0.94,ColdRelate
1954-7-1,0.88,WarmRelate
1954-8-1,-0.59,ColdRelate
1954-9-1,2.49,WarmRelate
1954-10-1,2.09,WarmRelate
1954-11-1,1.54,WarmRelate
1954-12-1,1.44,WarmRelate
1955-1-1,-1.17,ColdRelate
1955-2-1,-2.21,ColdRelate
1955-3-1,-2.9,ColdRelate
1955-4-1,2.4,WarmRelate
1955-5-1,0.33,WarmRelate
1955-6-1,-0.18,ColdRelate
1955-7-1,-1.32,ColdRelate
1955-8-1,0.54,WarmRelate
1955-9-1,0.82,WarmRelate
1955-10-1,-2.35,ColdRelate
1955-11-1,-2.14,ColdRelate
1955-12-1,0.51,WarmRelate
1956-1-1,-0.76,ColdRelate
1956-2-1,-2.96,ColdRelate
1956-3-1,0.01,WarmRelate
1956-4-1,-1.9,ColdRelate
1956-5-1,4.54,WarmRelate
1956-6-1,1.26,WarmRelate
1956-7-1,0.35,WarmRelate
1956-8-1,-3.15,ColdRelate
1956-9-1,-0.51,ColdRelate
1956-10-1,1.23,WarmRelate
1956-11-1,1.39,WarmRelate
1956-12-1,2.57,WarmRelate
1957-1-1,2.53,WarmRelate
1957-2-1,1.08,WarmRelate
1957-3-1,0.42,WarmRelate
1957-4-1,-0.62,ColdRelate
1957-5-1,-0.84,ColdRelate
1957-6-1,-0.8,ColdRelate
1957-7-1,-0.48,ColdRelate
1957-8-1,0.7,WarmRelate
1957-9-1,-1.56,ColdRelate
1957-10-1,1.07,WarmRelate
1957-11-1,-1.59,ColdRelate
1957-12-1,-0.12,ColdRelate
1958-1-1,0.37,WarmRelate
1958-2-1,-0.03,ColdRelate
1958-3-1,-1.28,ColdRelate
1958-4-1,1.79,WarmRelate
1958-5-1,1.1,WarmRelate
1958-6-1,-1.44,ColdRelate
1958-7-1,-0.2,ColdRelate
1958-8-1,0.98,WarmRelate
1958-9-1,-0.23,ColdRelate
1958-10-1,1.65,WarmRelate
1958-11-1,0.43,WarmRelate
1958-12-1,-1.7,ColdRelate
1959-1-1,-1.15,ColdRelate
1959-2-1,2.46,WarmRelate
1959-3-1,1.82,WarmRelate
1959-4-1,1.51,WarmRelate
1959-5-1,-2.22,ColdRelate
1959-6-1,1.51,WarmRelate
1959-7-1,0.29,WarmRelate
1959-8-1,0.02,WarmRelate
1959-9-1,-1.81,ColdRelate
1959-10-1,1.51,WarmRelate
1959-11-1,-0.04,ColdRelate
1959-12-1,1.98,WarmRelate
1960-1-1,-0.7,ColdRelate
1960-2-1,-1.0,ColdRelate
1960-3-1,-0.87,ColdRelate
1960-4-1,1.93,WarmRelate
1960-5-1,0.07,WarmRelate
1960-6-1,-0.41,ColdRelate
1960-7-1,0.18,WarmRelate
1960-8-1,-1.84,ColdRelate
1960-9-1,0.24,WarmRelate
1960-10-1,-3.08,ColdRelate
1960-11-1,1.4,WarmRelate
1960-12-1,0.46,WarmRelate
1961-1-1,1.46,WarmRelate
1961-2-1,4.06,WarmRelate
1961-3-1,2.08,WarmRelate
1961-4-1,0.71,WarmRelate
1961-5-1,-0.94,ColdRelate
1961-6-1,2.13,WarmRelate
1961-7-1,0.63,WarmRelate
1961-8-1,3.38,WarmRelate
1961-9-1,2.01,WarmRelate
1961-10-1,1.0,WarmRelate
1961-11-1,-2.15,ColdRelate
1961-12-1,-1.72,ColdRelate
1962-1-1,2.44,WarmRelate
1962-2-1,0.77,WarmRelate
1962-3-1,-3.78,ColdRelate
1962-4-1,0.74,WarmRelate
1962-5-1,-0.1,ColdRelate
1962-6-1,1.41,WarmRelate
1962-7-1,-2.1,ColdRelate
1962-8-1,2.28,WarmRelate
1962-9-1,0.02,WarmRelate
1962-10-1,-0.34,ColdRelate
1962-11-1,-2.23,ColdRelate
1962-12-1,-0.66,ColdRelate
1963-1-1,-4.09,ColdRelate
1963-2-1,-1.9,ColdRelate
1963-3-1,2.79,WarmRelate
1963-4-1,-0.46,ColdRelate
1963-5-1,1.91,WarmRelate
1963-6-1,-1.77,ColdRelate
1963-7-1,-0.65,ColdRelate
1963-8-1,-0.96,ColdRelate
1963-9-1,0.94,WarmRelate
1963-10-1,2.79,WarmRelate
1963-11-1,-0.15,ColdRelate
1963-12-1,-3.09,ColdRelate
1964-1-1,0.93,WarmRelate
1964-2-1,-0.13,ColdRelate
1964-3-1,-0.77,ColdRelate
1964-4-1,0.95,WarmRelate
1964-5-1,2.51,WarmRelate
1964-6-1,-1.85,ColdRelate
1964-7-1,2.44,WarmRelate
1964-8-1,-2.46,ColdRelate
1964-9-1,0.5,WarmRelate
1964-10-1,0.63,WarmRelate
1964-11-1,1.33,WarmRelate
1964-12-1,-1.24,ColdRelate
1965-1-1,0.01,WarmRelate
1965-2-1,-3.03,ColdRelate
1965-3-1,0.23,WarmRelate
1965-4-1,2.14,WarmRelate
1965-5-1,-0.08,ColdRelate
1965-6-1,0.87,WarmRelate
1965-7-1,-1.71,ColdRelate
1965-8-1,1.59,WarmRelate
1965-9-1,-1.01,ColdRelate
1965-10-1,-1.26,ColdRelate
1965-11-1,-1.78,ColdRelate
1965-12-1,1.24,WarmRelate
1966-1-1,-1.01,ColdRelate
1966-2-1,-0.38,ColdRelate
1966-3-1,1.05,WarmRelate
1966-4-1,1.18,WarmRelate
1966-5-1,1.51,WarmRelate
1966-6-1,0.82,WarmRelate
1966-7-1,-1.99,ColdRelate
1966-8-1,-2.03,ColdRelate
1966-9-1,-0.47,ColdRelate
1966-10-1,-2.89,ColdRelate
1966-11-1,-0.07,ColdRelate
1966-12-1,1.68,WarmRelate
1967-1-1,0.04,WarmRelate
1967-2-1,1.7,WarmRelate
1967-3-1,3.0,WarmRelate
1967-4-1,-0.76,ColdRelate
1967-5-1,-0.46,ColdRelate
1967-6-1,1.96,WarmRelate
1967-7-1,1.44,WarmRelate
1967-8-1,-0.41,ColdRelate
1967-9-1,0.32,WarmRelate
1967-10-1,1.34,WarmRelate
1967-11-1,-0.91,ColdRelate
1967-12-1,-0.53,ColdRelate
1968-1-1,1.65,WarmRelate
1968-2-1,-1.53,ColdRelate
1968-3-1,0.34,WarmRelate
1968-4-1,-0.71,ColdRelate
1968-5-1,-1.5,ColdRelate
1968-6-1,0.95,WarmRelate
1968-7-1,-1.96,ColdRelate
1968-8-1,-1.45,ColdRelate
1968-9-1,0.5,WarmRelate
1968-10-1,0.03,WarmRelate
1968-11-1,-2.0,ColdRelate
1968-12-1,-1.73,ColdRelate
1969-1-1,-1.64,ColdRelate
1969-2-1,-3.16,ColdRelate
1969-3-1,-1.81,ColdRelate
1969-4-1,1.11,WarmRelate
1969-5-1,-0.23,ColdRelate
1969-6-1,-1.17,ColdRelate
1969-7-1,3.7,WarmRelate
1969-8-1,-1.62,ColdRelate
1969-9-1,0.38,WarmRelate
1969-10-1,0.7,WarmRelate
1969-11-1,-1.28,ColdRelate
1969-12-1,-0.26,ColdRelate
1970-1-1,-1.16,ColdRelate
1970-2-1,1.1,WarmRelate
1970-3-1,-1.78,ColdRelate
1970-4-1,2.52,WarmRelate
1970-5-1,1.87,WarmRelate
1970-6-1,-0.11,ColdRelate
1970-7-1,0.27,WarmRelate
1970-8-1,-0.2,ColdRelate
1970-9-1,0.47,WarmRelate
1970-10-1,0.0,ColdRelate
1970-11-1,0.76,WarmRelate
1970-12-1,-1.58,ColdRelate
1971-1-1,-0.43,ColdRelate
1971-2-1,1.21,WarmRelate
1971-3-1,-1.76,ColdRelate
1971-4-1,-3.15,ColdRelate
1971-5-1,-0.62,ColdRelate
1971-6-1,-1.32,ColdRelate
1971-7-1,-1.04,ColdRelate
1971-8-1,0.07,WarmRelate
1971-9-1,-0.54,ColdRelate
1971-10-1,1.63,WarmRelate
1971-11-1,-1.46,ColdRelate
1971-12-1,0.76,WarmRelate
1972-1-1,-0.52,ColdRelate
1972-2-1,-0.2,ColdRelate
1972-3-1,0.26,WarmRelate
1972-4-1,0.22,WarmRelate
1972-5-1,1.24,WarmRelate
1972-6-1,1.07,WarmRelate
1972-7-1,0.41,WarmRelate
1972-8-1,0.11,WarmRelate
1972-9-1,-4.11,ColdRelate
1972-10-1,-1.74,ColdRelate
1972-11-1,0.64,WarmRelate
1972-12-1,2.11,WarmRelate
1973-1-1,1.37,WarmRelate
1973-2-1,1.22,WarmRelate
1973-3-1,1.04,WarmRelate
1973-4-1,-2.61,ColdRelate
1973-5-1,0.37,WarmRelate
1973-6-1,0.83,WarmRelate
1973-7-1,-1.85,ColdRelate
1973-8-1,2.32,WarmRelate
1973-9-1,-0.79,ColdRelate
1973-10-1,-1.03,ColdRelate
1973-11-1,-0.26,ColdRelate
1973-12-1,-1.65,ColdRelate
1974-1-1,3.75,WarmRelate
1974-2-1,0.68,WarmRelate
1974-3-1,-0.81,ColdRelate
1974-4-1,-2.3,ColdRelate
1974-5-1,-0.01,ColdRelate
1974-6-1,-0.14,ColdRelate
1974-7-1,2.07,WarmRelate
1974-8-1,0.89,WarmRelate
1974-9-1,0.11,WarmRelate
1974-10-1,-1.44,ColdRelate
1974-11-1,1.27,WarmRelate
1974-12-1,3.06,WarmRelate
1975-1-1,2.43,WarmRelate
1975-2-1,0.4,WarmRelate
1975-3-1,-1.26,ColdRelate
1975-4-1,-0.84,ColdRelate
1975-5-1,-2.42,ColdRelate
1975-6-1,0.18,WarmRelate
1975-7-1,0.63,WarmRelate
1975-8-1,0.08,WarmRelate
1975-9-1,1.75,WarmRelate
1975-10-1,0.39,WarmRelate
1975-11-1,0.86,WarmRelate
1975-12-1,-1.57,ColdRelate
1976-1-1,0.75,WarmRelate
1976-2-1,1.29,WarmRelate
1976-3-1,1.87,WarmRelate
1976-4-1,-1.53,ColdRelate
1976-5-1,1.2,WarmRelate
1976-6-1,1.76,WarmRelate
1976-7-1,-0.57,ColdRelate
1976-8-1,0.62,WarmRelate
1976-9-1,-3.46,ColdRelate
1976-10-1,-0.64,ColdRelate
1976-11-1,1.5,WarmRelate
1976-12-1,-3.63,ColdRelate
1977-1-1,-2.36,ColdRelate
1977-2-1,0.28,WarmRelate
1977-3-1,1.33,WarmRelate
1977-4-1,1.07,WarmRelate
1977-5-1,-1.62,ColdRelate
1977-6-1,-0.89,ColdRelate
1977-7-1,-1.14,ColdRelate
1977-8-1,-1.42,ColdRelate
1977-9-1,1.64,WarmRelate
1977-10-1,0.45,WarmRelate
1977-11-1,0.37,WarmRelate
1977-12-1,-0.25,ColdRelate
1978-1-1,0.46,WarmRelate
1978-2-1,-1.99,ColdRelate
1978-3-1,3.1,WarmRelate
1978-4-1,-3.12,ColdRelate
1978-5-1,0.37,WarmRelate
1978-6-1,0.14,WarmRelate
1978-7-1,-0.33,ColdRelate
1978-8-1,0.05,WarmRelate
1978-9-1,1.96,WarmRelate
1978-10-1,0.02,WarmRelate
1978-11-1,3.91,WarmRelate
1978-12-1,-2.08,ColdRelate
1979-1-1,-3.22,ColdRelate
1979-2-1,-0.62,ColdRelate
1979-3-1,0.54,WarmRelate
1979-4-1,-0.79,ColdRelate
1979-5-1,1.0,WarmRelate
1979-6-1,0.45,WarmRelate
1979-7-1,2.53,WarmRelate
1979-8-1,-0.85,ColdRelate
1979-9-1,1.12,WarmRelate
1979-10-1,-1.95,ColdRelate
1979-11-1,1.95,WarmRelate
1979-12-1,2.07,WarmRelate
1980-1-1,-1.8,ColdRelate
1980-2-1,0.7,WarmRelate
1980-3-1,-0.68,ColdRelate
1980-4-1,0.03,WarmRelate
1980-5-1,-2.26,ColdRelate
1980-6-1,-0.2,ColdRelate
1980-7-1,-0.91,ColdRelate
1980-8-1,0.3,WarmRelate
1980-9-1,1.72,WarmRelate
1980-10-1,-0.87,ColdRelate
1980-11-1,-2.06,ColdRelate
1980-12-1,1.55,WarmRelate
1981-1-1,1.0,WarmRelate
1981-2-1,1.04,WarmRelate
1981-3-1,0.01,WarmRelate
1981-4-1,-3.04,ColdRelate
1981-5-1,0.05,WarmRelate
1981-6-1,-1.57,ColdRelate
1981-7-1,1.74,WarmRelate
1981-8-1,1.01,WarmRelate
1981-9-1,0.27,WarmRelate
1981-10-1,-1.06,ColdRelate
1981-11-1,1.66,WarmRelate
1981-12-1,-2.2,ColdRelate
1982-1-1,-0.72,ColdRelate
1982-2-1,2.25,WarmRelate
1982-3-1,1.66,WarmRelate
1982-4-1,-0.99,ColdRelate
1982-5-1,1.1,WarmRelate
1982-6-1,-1.86,ColdRelate
1982-7-1,-0.65,ColdRelate
1982-8-1,1.45,WarmRelate
1982-9-1,1.08,WarmRelate
1982-10-1,0.32,WarmRelate
1982-11-1,1.71,WarmRelate
1982-12-1,2.64,WarmRelate
1983-1-1,4.82,WarmRelate
1983-2-1,-1.25,ColdRelate
1983-3-1,1.79,WarmRelate
1983-4-1,-1.01,ColdRelate
1983-5-1,-0.57,ColdRelate
1983-6-1,0.54,WarmRelate
1983-7-1,-0.75,ColdRelate
1983-8-1,0.56,WarmRelate
1983-9-1,-0.65,ColdRelate
1983-10-1,2.06,WarmRelate
1983-11-1,-2.28,ColdRelate
1983-12-1,0.83,WarmRelate
1984-1-1,2.53,WarmRelate
1984-2-1,1.73,WarmRelate
1984-3-1,-2.12,ColdRelate
1984-4-1,0.33,WarmRelate
1984-5-1,-2.34,ColdRelate
1984-6-1,0.33,WarmRelate
1984-7-1,0.93,WarmRelate
1984-8-1,1.0,WarmRelate
1984-9-1,-1.31,ColdRelate
1984-10-1,1.66,WarmRelate
1984-11-1,-1.16,ColdRelate
1984-12-1,1.52,WarmRelate
1985-1-1,-2.87,ColdRelate
1985-2-1,-0.24,ColdRelate
1985-3-1,0.07,WarmRelate
1985-4-1,0.34,WarmRelate
1985-5-1,-2.13,ColdRelate
1985-6-1,-1.08,ColdRelate
1985-7-1,1.09,WarmRelate
1985-8-1,2.33,WarmRelate
1985-9-1,0.0,ColdRelate
1985-10-1,0.14,WarmRelate
1985-11-1,-2.85,ColdRelate
1985-12-1,-0.43,ColdRelate
1986-1-1,1.46,WarmRelate
1986-2-1,-4.02,ColdRelate
1986-3-1,2.86,WarmRelate
1986-4-1,-0.93,ColdRelate
1986-5-1,2.16,WarmRelate
1986-6-1,-1.29,ColdRelate
1986-7-1,0.88,WarmRelate
1986-8-1,-2.21,ColdRelate
1986-9-1,-1.34,ColdRelate
1986-10-1,2.27,WarmRelate
1986-11-1,3.41,WarmRelate
1986-12-1,3.42,WarmRelate
1987-1-1,-2.12,ColdRelate
1987-2-1,-0.24,ColdRelate
1987-3-1,0.29,WarmRelate
1987-4-1,2.59,WarmRelate
1987-5-1,-0.81,ColdRelate
1987-6-1,-0.58,ColdRelate
1987-7-1,-1.24,ColdRelate
1987-8-1,-2.99,ColdRelate
1987-9-1,1.27,WarmRelate
1987-10-1,-0.8,ColdRelate
1987-11-1,-0.67,ColdRelate
1987-12-1,-0.81,ColdRelate
1988-1-1,0.53,WarmRelate
1988-2-1,-0.11,ColdRelate
1988-3-1,0.78,WarmRelate
1988-4-1,-2.39,ColdRelate
1988-5-1,-1.24,ColdRelate
1988-6-1,-2.75,ColdRelate
1988-7-1,1.46,WarmRelate
1988-8-1,0.73,WarmRelate
1988-9-1,0.8,WarmRelate
1988-10-1,-2.02,ColdRelate
1988-11-1,-1.47,ColdRelate
1988-12-1,1.85,WarmRelate
1989-1-1,3.53,WarmRelate
1989-2-1,3.61,WarmRelate
1989-3-1,2.45,WarmRelate
1989-4-1,-0.48,ColdRelate
1989-5-1,1.16,WarmRelate
1989-6-1,-0.53,ColdRelate
1989-7-1,0.58,WarmRelate
1989-8-1,1.76,WarmRelate
1989-9-1,-0.96,ColdRelate
1989-10-1,0.88,WarmRelate
1989-11-1,-2.97,ColdRelate
1989-12-1,-2.23,ColdRelate
1990-1-1,3.5,WarmRelate
1990-2-1,5.11,WarmRelate
1990-3-1,3.11,WarmRelate
1990-4-1,1.77,WarmRelate
1990-5-1,-1.19,ColdRelate
1990-6-1,0.42,WarmRelate
1990-7-1,1.43,WarmRelate
1990-8-1,3.31,WarmRelate
1990-9-1,-0.99,ColdRelate
1990-10-1,-0.59,ColdRelate
1990-11-1,-1.48,ColdRelate
1990-12-1,0.34,WarmRelate
1991-1-1,1.87,WarmRelate
1991-2-1,-0.02,ColdRelate
1991-3-1,-1.37,ColdRelate
1991-4-1,1.48,WarmRelate
1991-5-1,-0.04,ColdRelate
1991-6-1,-0.31,ColdRelate
1991-7-1,-0.28,ColdRelate
1991-8-1,2.71,WarmRelate
1991-9-1,-1.12,ColdRelate
1991-10-1,-1.77,ColdRelate
1991-11-1,1.68,WarmRelate
1991-12-1,1.24,WarmRelate
1992-1-1,0.64,WarmRelate
1992-2-1,3.18,WarmRelate
1992-3-1,1.66,WarmRelate
1992-4-1,1.32,WarmRelate
1992-5-1,0.8,WarmRelate
1992-6-1,-1.74,ColdRelate
1992-7-1,1.04,WarmRelate
1992-8-1,3.97,WarmRelate
1992-9-1,0.99,WarmRelate
1992-10-1,-3.33,ColdRelate
1992-11-1,4.52,WarmRelate
1992-12-1,0.21,WarmRelate
1993-1-1,3.91,WarmRelate
1993-2-1,0.11,WarmRelate
1993-3-1,1.47,WarmRelate
1993-4-1,0.83,WarmRelate
1993-5-1,-2.59,ColdRelate
1993-6-1,0.16,WarmRelate
1993-7-1,0.64,WarmRelate
1993-8-1,0.75,WarmRelate
1993-9-1,-2.6,ColdRelate
1993-10-1,-4.13,ColdRelate
1993-11-1,0.77,WarmRelate
1993-12-1,2.17,WarmRelate
1994-1-1,1.28,WarmRelate
1994-2-1,0.07,WarmRelate
1994-3-1,3.68,WarmRelate
1994-4-1,1.38,WarmRelate
1994-5-1,-1.43,ColdRelate
1994-6-1,2.99,WarmRelate
1994-7-1,-0.09,ColdRelate
1994-8-1,-1.59,ColdRelate
1994-9-1,-2.85,ColdRelate
1994-10-1,-1.88,ColdRelate
1994-11-1,1.68,WarmRelate
1994-12-1,2.86,WarmRelate
1995-1-1,2.7,WarmRelate
1995-2-1,3.13,WarmRelate
1995-3-1,1.06,WarmRelate
1995-4-1,-1.81,ColdRelate
1995-5-1,-0.36,ColdRelate
1995-6-1,-3.36,ColdRelate
1995-7-1,-0.96,ColdRelate
1995-8-1,-1.33,ColdRelate
1995-9-1,-1.55,ColdRelate
1995-10-1,1.22,WarmRelate
1995-11-1,-2.73,ColdRelate
1995-12-1,-3.33,ColdRelate
1996-1-1,-3.27,ColdRelate
1996-2-1,-0.12,ColdRelate
1996-3-1,-2.57,ColdRelate
1996-4-1,-0.31,ColdRelate
1996-5-1,-1.5,ColdRelate
1996-6-1,1.43,WarmRelate
1996-7-1,1.47,WarmRelate
1996-8-1,-0.19,ColdRelate
1996-9-1,-2.23,ColdRelate
1996-10-1,-0.07,ColdRelate
1996-11-1,-0.05,ColdRelate
1996-12-1,-4.7,ColdRelate
1997-1-1,-1.95,ColdRelate
1997-2-1,5.26,WarmRelate
1997-3-1,2.09,WarmRelate
1997-4-1,-0.97,ColdRelate
1997-5-1,-1.35,ColdRelate
1997-6-1,-4.05,ColdRelate
1997-7-1,1.18,WarmRelate
1997-8-1,1.78,WarmRelate
1997-9-1,-0.67,ColdRelate
1997-10-1,-2.26,ColdRelate
1997-11-1,-0.99,ColdRelate
1997-12-1,-0.2,ColdRelate
1998-1-1,-0.28,ColdRelate
1998-2-1,2.44,WarmRelate
1998-3-1,1.24,WarmRelate
1998-4-1,-0.39,ColdRelate
1998-5-1,-1.26,ColdRelate
1998-6-1,-0.85,ColdRelate
1998-7-1,-0.57,ColdRelate
1998-8-1,1.8,WarmRelate
1998-9-1,-3.48,ColdRelate
1998-10-1,1.34,WarmRelate
1998-11-1,1.13,WarmRelate
1998-12-1,1.95,WarmRelate
1999-1-1,0.9,WarmRelate
1999-2-1,1.8,WarmRelate
1999-3-1,-0.72,ColdRelate
1999-4-1,0.43,WarmRelate
1999-5-1,1.03,WarmRelate
1999-6-1,1.39,WarmRelate
1999-7-1,-1.85,ColdRelate
1999-8-1,-3.67,ColdRelate
1999-9-1,-0.51,ColdRelate
1999-10-1,-0.69,ColdRelate
1999-11-1,0.3,WarmRelate
1999-12-1,2.13,WarmRelate
2000-1-1,0.35,WarmRelate
2000-2-1,4.37,WarmRelate
2000-3-1,0.54,WarmRelate
2000-4-1,-3.34,ColdRelate
2000-5-1,0.31,WarmRelate
2000-6-1,0.89,WarmRelate
2000-7-1,-2.99,ColdRelate
2000-8-1,0.78,WarmRelate
2000-9-1,-1.1,ColdRelate
2000-10-1,2.26,WarmRelate
2000-11-1,-0.24,ColdRelate
2000-12-1,-1.41,ColdRelate
2001-1-1,0.02,WarmRelate
2001-2-1,0.07,WarmRelate
2001-3-1,-0.68,ColdRelate
2001-4-1,1.24,WarmRelate
2001-5-1,-0.09,ColdRelate
2001-6-1,-1.33,ColdRelate
2001-7-1,-1.12,ColdRelate
2001-8-1,1.64,WarmRelate
2001-9-1,-3.83,ColdRelate
2001-10-1,0.88,WarmRelate
2001-11-1,0.01,WarmRelate
2001-12-1,-2.25,ColdRelate
2002-1-1,2.31,WarmRelate
2002-2-1,3.01,WarmRelate
2002-3-1,0.09,WarmRelate
2002-4-1,0.91,WarmRelate
2002-5-1,-0.05,ColdRelate
2002-6-1,0.9,WarmRelate
2002-7-1,-0.71,ColdRelate
2002-8-1,-0.61,ColdRelate
2002-9-1,-3.58,ColdRelate
2002-10-1,-1.5,ColdRelate
2002-11-1,-0.27,ColdRelate
2002-12-1,-0.98,ColdRelate
2003-1-1,0.15,WarmRelate
2003-2-1,1.34,WarmRelate
2003-3-1,1.08,WarmRelate
2003-4-1,-1.74,ColdRelate
2003-5-1,1.17,WarmRelate
2003-6-1,-0.86,ColdRelate
2003-7-1,0.09,WarmRelate
2003-8-1,-0.99,ColdRelate
2003-9-1,0.35,WarmRelate
2003-10-1,-3.68,ColdRelate
2003-11-1,0.31,WarmRelate
2003-12-1,-0.85,ColdRelate
2004-1-1,0.2,WarmRelate
2004-2-1,-1.23,ColdRelate
2004-3-1,1.07,WarmRelate
2004-4-1,1.08,WarmRelate
2004-5-1,-0.67,ColdRelate
2004-6-1,-0.38,ColdRelate
2004-7-1,-0.3,ColdRelate
2004-8-1,-0.76,ColdRelate
2004-9-1,2.51,WarmRelate
2004-10-1,-2.18,ColdRelate
2004-11-1,-0.55,ColdRelate
2004-12-1,1.27,WarmRelate
2005-1-1,1.82,WarmRelate
2005-2-1,-2.25,ColdRelate
2005-3-1,-1.29,ColdRelate
2005-4-1,0.71,WarmRelate
2005-5-1,-0.13,ColdRelate
2005-6-1,-1.0,ColdRelate
2005-7-1,-0.08,ColdRelate
2005-8-1,0.94,WarmRelate
2005-9-1,0.5,WarmRelate
2005-10-1,-0.45,ColdRelate
2005-11-1,-1.01,ColdRelate
2005-12-1,-0.81,ColdRelate
2006-1-1,-0.1,ColdRelate
2006-2-1,1.24,WarmRelate
2006-3-1,-1.12,ColdRelate
2006-4-1,0.57,WarmRelate
2006-5-1,-0.22,ColdRelate
2006-6-1,-0.41,ColdRelate
2006-7-1,0.83,WarmRelate
2006-8-1,-2.47,ColdRelate
2006-9-1,-1.02,ColdRelate
2006-10-1,-1.97,ColdRelate
2006-11-1,1.7,WarmRelate
2006-12-1,3.08,WarmRelate
2007-1-1,1.77,WarmRelate
2007-2-1,0.42,WarmRelate
2007-3-1,2.03,WarmRelate
2007-4-1,-0.1,ColdRelate
2007-5-1,0.62,WarmRelate
2007-6-1,-3.34,ColdRelate
2007-7-1,-1.05,ColdRelate
2007-8-1,-3.41,ColdRelate
2007-9-1,-1.18,ColdRelate
2007-10-1,-0.02,ColdRelate
2007-11-1,-1.67,ColdRelate
2007-12-1,1.42,WarmRelate
2008-1-1,1.87,WarmRelate
2008-2-1,1.81,WarmRelate
2008-3-1,0.37,WarmRelate
2008-4-1,-2.02,ColdRelate
2008-5-1,-3.26,ColdRelate
2008-6-1,-2.05,ColdRelate
2008-7-1,-1.38,ColdRelate
2008-8-1,-0.21,ColdRelate
2008-9-1,-2.07,ColdRelate
2008-10-1,0.01,WarmRelate
2008-11-1,-1.3,ColdRelate
2008-12-1,-0.58,ColdRelate
2009-1-1,0.61,WarmRelate
2009-2-1,-1.43,ColdRelate
2009-3-1,0.15,WarmRelate
2009-4-1,1.74,WarmRelate
2009-5-1,1.52,WarmRelate
2009-6-1,-3.05,ColdRelate
2009-7-1,-0.92,ColdRelate
2009-8-1,1.07,WarmRelate
2009-9-1,-0.63,ColdRelate
2009-10-1,-2.0,ColdRelate
2009-11-1,1.68,WarmRelate
2009-12-1,-3.72,ColdRelate
2010-1-1,-2.38,ColdRelate
2010-2-1,-3.25,ColdRelate
2010-3-1,-0.8,ColdRelate
2010-4-1,-1.03,ColdRelate
2010-5-1,-1.66,ColdRelate
2010-6-1,-2.4,ColdRelate
2010-7-1,0.06,WarmRelate
2010-8-1,-2.01,ColdRelate
2010-9-1,-2.38,ColdRelate
2010-10-1,-2.41,ColdRelate
2010-11-1,-3.34,ColdRelate
2010-12-1,-4.62,ColdRelate
2011-1-1,-1.38,ColdRelate
2011-2-1,2.79,WarmRelate
2011-3-1,-0.44,ColdRelate
2011-4-1,2.39,WarmRelate
2011-5-1,1.08,WarmRelate
2011-6-1,-1.58,ColdRelate
2011-7-1,-3.39,ColdRelate
2011-8-1,-0.18,ColdRelate
2011-9-1,2.97,WarmRelate
2011-10-1,1.45,WarmRelate
2011-11-1,0.74,WarmRelate
2011-12-1,3.2,WarmRelate
2012-1-1,2.05,WarmRelate
2012-2-1,1.2,WarmRelate
2012-3-1,1.78,WarmRelate
2012-4-1,-2.36,ColdRelate
2012-5-1,-0.83,ColdRelate
2012-6-1,-2.58,ColdRelate
2012-7-1,-1.31,ColdRelate
2012-8-1,-0.44,ColdRelate
2012-9-1,-1.44,ColdRelate
2012-10-1,-3.21,ColdRelate
2012-11-1,-1.11,ColdRelate
2012-12-1,0.6,WarmRelate
2013-1-1,1.08,WarmRelate
2013-2-1,-0.26,ColdRelate
2013-3-1,-3.75,ColdRelate
2013-4-1,0.03,WarmRelate
2013-5-1,1.23,WarmRelate
2013-6-1,1.4,WarmRelate
2013-7-1,2.52,WarmRelate
2013-8-1,2.16,WarmRelate
2013-9-1,-0.57,ColdRelate
2013-10-1,-0.36,ColdRelate
2013-11-1,0.04,WarmRelate
2013-12-1,3.54,WarmRelate
2014-1-1,0.71,WarmRelate
2014-2-1,2.32,WarmRelate
2014-3-1,1.64,WarmRelate
2014-4-1,0.84,WarmRelate
2014-5-1,-0.08,ColdRelate
2014-6-1,-1.98,ColdRelate
2014-7-1,0.91,WarmRelate
2014-8-1,-1.14,ColdRelate
2014-9-1,-2.1,ColdRelate
2014-10-1,0.31,WarmRelate
2014-11-1,-2.17,ColdRelate
2014-12-1,1.89,WarmRelate
2015-1-1,2.81,WarmRelate
2015-2-1,1.47,WarmRelate
2015-3-1,1.99,WarmRelate
2015-4-1,1.03,WarmRelate
2015-5-1,2.09,WarmRelate
2015-6-1,0.28,WarmRelate
2015-7-1,-2.16,ColdRelate
2015-8-1,1.47,WarmRelate
2015-9-1,-1.65,ColdRelate
2015-10-1,-1.13,ColdRelate
2015-11-1,3.54,WarmRelate
2015-12-1,4.22,WarmRelate
2016-1-1,1.16,WarmRelate
2016-2-1,1.61,WarmRelate
2016-3-1,0.33,WarmRelate
2016-4-1,-2.06,ColdRelate
2016-5-1,-0.82,ColdRelate
2016-6-1,-1.27,ColdRelate
2016-7-1,2.18,WarmRelate
2016-8-1,2.14,WarmRelate
2016-9-1,2.45,WarmRelate
2016-10-1,-1.47,ColdRelate
2016-11-1,-1.61,ColdRelate
2016-12-1,2.1,WarmRelate
2017-1-1,0.17,WarmRelate
2017-2-1,1.38,WarmRelate
2017-3-1,1.05,WarmRelate
2017-4-1,1.5,WarmRelate
2017-5-1,0.38,WarmRelate
2017-6-1,-0.55,ColdRelate
2017-7-1,0.1,WarmRelate
2017-8-1,-0.04,ColdRelate
2017-9-1,1.42,WarmRelate
2017-10-1,1.36,WarmRelate
2017-11-1,-0.9,ColdRelate
2017-12-1,1.0,WarmRelate
2018-1-1,1.82,WarmRelate
2018-2-1,-0.1,ColdRelate
2018-3-1,-1.12,ColdRelate
2018-4-1,2.37,WarmRelate
2018-5-1,2.01,WarmRelate
2018-6-1,-1.4,ColdRelate
2018-7-1,3.83,WarmRelate
2018-8-1,-1.0,ColdRelate
2018-9-1,0.45,WarmRelate
2018-10-1,-1.17,ColdRelate
2018-11-1,-1.28,ColdRelate
2018-12-1,-1.0,ColdRelate
